frame_no,user_position,user_orientation,camera_hit_obj,camera_hit_point,camera_hit_dist,controller_hit_obj,controller_hit_point,controller_hit_distance
10,"(-10.53,2.79,-9.97)","(0.00,0.00,1.00)",Wall North,"(-10.53,2.79,12.25)",22.22,Wall North,"(-10.52,2.78,12.25)",21.82
20,"(-10.53,2.79,-9.97)","(0.00,0.00,1.00)",Wall North,"(-10.53,2.79,12.25)",22.22,Wall North,"(-10.52,2.78,12.25)",21.82
30,"(-10.53,2.79,-9.97)","(0.00,0.00,1.00)",Wall North,"(-10.53,2.79,12.25)",22.22,Wall North,"(-10.52,2.78,12.25)",21.82
40,"(-10.53,2.79,-9.97)","(0.00,0.00,1.00)",Wall North,"(-10.53,2.79,12.25)",22.22,Wall North,"(-10.52,2.78,12.25)",21.82
50,"(-10.53,2.79,-9.97)","(0.00,0.00,1.00)",Wall North,"(-10.53,2.79,12.25)",22.22,Wall North,"(-10.52,2.78,12.25)",21.82
60,"(-10.53,2.79,-9.58)","(0.00,0.00,1.00)",Wall North,"(-10.53,2.79,12.25)",21.90,Wall North,"(-10.52,2.78,12.25)",21.50
70,"(-10.53,2.79,-8.83)","(0.00,0.00,1.00)",Wall North,"(-10.53,2.79,12.25)",21.22,Wall North,"(-10.52,2.78,12.25)",20.81
80,"(-10.53,2.79,-8.13)","(0.00,0.00,1.00)",Wall North,"(-10.53,2.79,12.25)",20.53,Wall North,"(-10.52,2.78,12.25)",20.12
90,"(-10.53,2.79,-7.86)","(0.00,0.00,1.00)",Wall North,"(-10.53,2.79,12.25)",20.11,Wall North,"(-10.52,2.78,12.25)",19.70
100,"(-10.53,2.79,-7.86)","(0.00,0.00,1.00)",Wall North,"(-10.53,2.79,12.25)",20.11,Wall North,"(-10.51,2.81,12.25)",19.70
110,"(-10.53,2.79,-7.86)","(0.00,0.00,1.00)",Wall North,"(-10.53,2.79,12.25)",20.11,Wall North,"(-10.51,2.81,12.25)",19.70
120,"(-10.53,2.79,-7.86)","(0.00,0.00,1.00)",Wall North,"(-10.53,2.79,12.25)",20.11,Wall North,"(-11.55,1.63,12.25)",19.76
130,"(-10.53,2.79,-7.86)","(0.00,0.00,1.00)",Wall North,"(-10.53,2.79,12.25)",20.11,Ground,"(-13.19,0.00,5.02)",13.07
140,"(-10.53,2.79,-7.86)","(0.00,0.00,1.00)",Wall North,"(-10.53,2.79,12.25)",20.11,Wall West,"(-14.21,0.06,1.89)",10.41
150,"(-10.53,2.79,-7.86)","(0.00,0.00,1.00)",Wall North,"(-10.53,2.79,12.25)",20.11,Sphere,"(-13.82,0.87,-1.83)",6.80
160,"(-10.53,2.79,-7.86)","(0.00,0.00,1.00)",Wall North,"(-10.53,2.79,12.25)",20.11,Wall West,"(-14.21,0.53,-1.69)",7.21
170,"(-10.53,2.79,-7.86)","(0.00,0.00,1.00)",Wall North,"(-10.53,2.79,12.25)",20.11,Sphere,"(-13.80,0.75,-1.99)",6.69
180,"(-10.53,2.79,-7.86)","(0.00,0.00,1.00)",Wall North,"(-10.53,2.79,12.25)",20.11,Sphere,"(-13.65,0.79,-2.02)",6.59
190,"(-10.53,2.79,-7.86)","(0.00,0.00,1.00)",Wall North,"(-10.53,2.79,12.25)",20.11,Sphere,"(-13.49,0.85,-1.97)",6.54
200,"(-10.53,2.79,-7.86)","(0.00,0.00,1.00)",Wall North,"(-10.53,2.79,12.25)",20.11,Sphere,"(-13.49,0.85,-1.97)",6.54
210,"(-10.53,2.79,-7.86)","(0.00,0.00,1.00)",Wall North,"(-10.53,2.79,12.25)",20.11,Sphere,"(-13.49,0.85,-1.97)",6.54
220,"(-10.53,2.79,-7.86)","(0.00,0.00,1.00)",Wall North,"(-10.53,2.79,12.25)",20.11,Sphere,"(-13.49,0.85,-1.97)",6.54
230,"(-10.53,2.79,-7.86)","(0.00,0.00,1.00)",Wall North,"(-10.53,2.79,12.25)",20.11,Wall West,"(-14.21,0.38,-0.64)",8.12
240,"(-10.53,2.79,-7.86)","(0.00,0.00,1.00)",Wall North,"(-10.53,2.79,12.25)",20.11,Wall West,"(-14.21,0.38,-0.64)",8.12
250,"(-10.53,2.79,-7.05)","(0.00,0.00,1.00)",Wall North,"(-10.53,2.79,12.25)",19.38,Wall West,"(-14.21,0.38,0.08)",8.12
260,"(-10.53,2.79,-6.23)","(0.00,0.00,1.00)",Sphere,"(-10.53,2.79,-6.23)",0.10,Wall West,"(-14.21,0.47,2.24)",9.25
270,"(-10.53,2.79,-5.37)","(0.00,0.00,1.00)",Sphere,"(-10.53,2.79,-5.17)",0.29,Wall West,"(-14.21,0.97,6.67)",12.43
280,"(-10.52,2.79,-4.49)","(0.00,0.00,1.00)",Sphere,"(-10.52,2.79,-4.11)",0.45,Sphere,"(-10.52,2.80,-4.11)",0.05
290,"(-10.52,2.79,-3.68)","(0.00,0.00,1.00)",Sphere,"(-10.52,2.79,-3.14)",0.64,Sphere,"(-10.57,2.80,-3.16)",0.22
300,"(-10.52,2.79,-2.66)","(0.00,0.00,1.00)",Sphere,"(-10.52,2.79,-1.83)",0.91,Sphere,"(-10.67,2.77,-1.93)",0.44
310,"(-10.52,2.79,-1.79)","(0.00,0.00,1.00)",Sphere,"(-10.52,2.79,-0.70)",1.20,Sphere,"(-10.73,2.72,-0.96)",0.58
320,"(-10.52,2.79,-0.97)","(0.00,0.00,1.00)",Wall North,"(-10.52,2.79,12.25)",13.29,Sphere,"(-10.83,2.66,0.06)",0.78
330,"(-10.52,2.79,-0.36)","(0.00,0.00,1.00)",Wall North,"(-10.52,2.79,12.25)",12.61,Sphere,"(-10.93,2.61,0.94)",1.00
340,"(-10.52,2.79,-0.36)","(0.00,0.00,1.00)",Wall North,"(-10.52,2.79,12.25)",12.61,Sphere,"(-10.93,2.61,0.94)",1.00
350,"(-11.05,2.79,-0.40)","(-0.12,0.00,0.99)",Wall North,"(-12.29,2.79,12.25)",12.71,Sphere,"(-11.50,2.62,0.84)",0.98
360,"(-11.24,2.79,-0.17)","(-0.15,0.00,0.99)",Wall North,"(-13.18,2.79,12.25)",12.74,Sphere,"(-11.78,2.63,0.82)",0.93
370,"(-11.35,2.79,0.54)","(-0.15,0.00,0.99)",Wall North,"(-13.18,2.79,12.25)",11.85,Sphere,"(-12.01,2.59,1.85)",1.12
380,"(-11.35,2.79,0.54)","(-0.15,0.00,0.99)",Wall North,"(-13.18,2.79,12.25)",11.85,Sphere,"(-12.06,2.57,1.92)",1.20
390,"(-11.35,2.79,0.54)","(-0.15,0.00,0.99)",Wall North,"(-13.18,2.79,12.25)",11.85,Sphere,"(-11.99,2.53,1.96)",1.20
400,"(-11.35,2.79,0.54)","(-0.15,0.00,0.99)",Wall North,"(-13.18,2.79,12.25)",11.85,Sphere,"(-11.87,2.51,2.01)",1.20
410,"(-11.35,2.79,0.54)","(-0.15,0.00,0.99)",Wall North,"(-13.18,2.79,12.25)",11.85,Sphere,"(-11.82,2.53,2.04)",1.20
420,"(-11.44,2.79,1.13)","(-0.15,0.00,0.99)",Wall North,"(-13.18,2.79,12.25)",11.33,Sphere,"(-11.90,2.53,2.57)",1.22
430,"(-11.48,2.79,1.35)","(-0.15,0.00,0.99)",Wall North,"(-13.18,2.79,12.25)",11.03,Sphere,"(-12.00,2.49,3.00)",1.36
440,"(-11.48,2.79,1.35)","(-0.15,0.00,0.99)",Wall North,"(-13.18,2.79,12.25)",11.03,Sphere,"(-11.99,2.48,2.99)",1.36
450,"(-11.48,2.79,1.35)","(-0.15,0.00,0.99)",Wall North,"(-13.18,2.79,12.25)",11.03,Sphere,"(-11.99,2.47,2.99)",1.36
460,"(-11.48,2.79,1.35)","(-0.15,0.00,0.99)",Wall North,"(-13.18,2.79,12.25)",11.03,Sphere,"(-11.99,2.46,2.99)",1.36
470,"(-11.48,2.79,1.35)","(-0.15,0.00,0.99)",Wall North,"(-13.18,2.79,12.25)",11.03,Sphere,"(-11.93,2.41,3.00)",1.36
480,"(-11.48,2.79,1.35)","(-0.15,0.00,0.99)",Wall North,"(-13.18,2.79,12.25)",11.03,Sphere,"(-11.88,2.43,3.02)",1.36
490,"(-11.49,2.79,1.44)","(-0.15,0.00,0.99)",Sphere,"(-11.80,2.79,3.45)",2.12,Sphere,"(-11.86,2.46,3.03)",1.36
500,"(-11.61,2.79,2.23)","(-0.15,0.00,0.99)",Wall North,"(-13.18,2.79,12.25)",10.22,Sphere,"(-12.02,2.42,3.88)",1.43
510,"(-11.61,2.79,2.23)","(-0.15,0.00,0.99)",Wall North,"(-13.18,2.79,12.25)",10.14,Sphere,"(-12.08,2.30,4.03)",1.54
520,"(-11.61,2.79,2.23)","(-0.15,0.00,0.99)",Wall North,"(-13.18,2.79,12.25)",10.14,Sphere,"(-12.08,2.28,4.02)",1.54
530,"(-11.61,2.79,2.23)","(-0.15,0.00,0.99)",Wall North,"(-13.18,2.79,12.25)",10.14,Sphere,"(-12.08,2.28,4.02)",1.54
540,"(-11.61,2.79,2.23)","(-0.15,0.00,0.99)",Wall North,"(-13.18,2.79,12.25)",10.14,Sphere,"(-12.08,2.28,4.02)",1.54
550,"(-11.61,2.79,2.23)","(-0.15,0.00,0.99)",Wall North,"(-13.18,2.79,12.25)",10.14,Sphere,"(-12.09,2.27,4.04)",1.57
560,"(-11.61,2.79,2.23)","(-0.15,0.00,0.99)",Wall North,"(-13.18,2.79,12.25)",10.14,Sphere,"(-12.16,2.20,4.27)",1.82
570,"(-11.61,2.79,2.23)","(-0.15,0.00,0.99)",Wall North,"(-13.18,2.79,12.25)",10.14,Ground,"(-13.94,0.00,10.13)",8.34
580,"(-11.61,2.79,2.23)","(-0.15,0.00,0.99)",Wall North,"(-13.18,2.79,12.25)",10.14,Ground,"(-13.94,0.00,10.13)",8.34
590,"(-11.55,2.79,1.85)","(-0.15,0.00,0.99)",Wall North,"(-13.18,2.79,12.25)",10.46,Ground,"(-13.89,0.00,9.82)",8.34
600,"(-11.43,2.79,1.08)","(-0.15,0.00,0.99)",Wall North,"(-13.18,2.79,12.25)",11.24,Ground,"(-13.77,0.00,9.05)",8.34
610,"(-11.31,2.79,0.32)","(-0.15,0.00,0.99)",Wall North,"(-13.18,2.79,12.25)",11.96,Ground,"(-13.66,0.00,8.34)",8.34
620,"(-11.19,2.79,-0.45)","(-0.15,0.00,0.99)",Wall North,"(-13.18,2.79,12.25)",12.78,Ground,"(-13.53,0.00,7.53)",8.34
630,"(-11.09,2.79,-1.11)","(-0.15,0.00,0.99)",Wall North,"(-13.18,2.79,12.25)",13.46,Ground,"(-13.43,0.00,6.87)",8.37
640,"(-10.98,2.79,-1.81)","(-0.15,0.00,0.99)",Wall North,"(-13.18,2.79,12.25)",14.16,Ground,"(-13.32,0.00,6.18)",8.37
650,"(-10.87,2.79,-2.53)","(-0.15,0.00,0.99)",Wall North,"(-13.18,2.79,12.25)",14.89,Ground,"(-13.21,0.00,5.46)",8.37
660,"(-10.76,2.79,-3.23)","(-0.15,0.00,0.99)",Wall North,"(-13.18,2.79,12.25)",15.59,Ground,"(-13.10,0.00,4.76)",8.37
670,"(-10.63,2.79,-4.07)","(-0.15,0.00,0.99)",Wall North,"(-13.18,2.79,12.25)",16.41,Ground,"(-12.98,0.00,3.97)",8.37
680,"(-10.63,2.79,-4.07)","(-0.15,0.00,0.99)",Wall North,"(-13.18,2.79,12.25)",16.52,Ground,"(-13.00,0.00,3.94)",8.47
690,"(-10.63,2.79,-4.07)","(-0.15,0.00,0.99)",Wall North,"(-13.18,2.79,12.25)",16.52,Ground,"(-13.02,0.00,3.97)",8.51
700,"(-10.63,2.79,-4.07)","(-0.15,0.00,0.99)",Wall North,"(-13.18,2.79,12.25)",16.52,Ground,"(-13.00,0.00,3.92)",8.45
710,"(-10.63,2.79,-4.07)","(-0.15,0.00,0.99)",Wall North,"(-13.18,2.79,12.25)",16.52,Ground,"(-12.99,0.00,3.90)",8.42
720,"(-10.63,2.79,-4.07)","(-0.15,0.00,0.99)",Wall North,"(-13.18,2.79,12.25)",16.52,Ground,"(-12.99,0.00,3.90)",8.42
730,"(-10.63,2.78,-4.07)","(-0.15,0.00,0.99)",Wall North,"(-13.19,2.78,12.25)",16.52,Ground,"(-12.99,0.00,3.88)",8.41
740,"(-10.67,2.76,-4.08)","(-0.15,0.00,0.99)",Wall North,"(-13.23,2.76,12.25)",16.53,Ground,"(-13.00,0.00,3.81)",8.33
750,"(-10.69,2.75,-4.08)","(-0.15,0.00,0.99)",Wall North,"(-13.25,2.75,12.25)",16.53,Ground,"(-13.02,0.00,3.79)",8.31
760,"(-10.70,2.75,-4.08)","(-0.15,0.00,0.99)",Wall North,"(-13.26,2.75,12.25)",16.53,Ground,"(-13.03,0.00,3.78)",8.30
770,"(-10.67,2.76,-4.08)","(-0.15,0.00,0.99)",Wall North,"(-13.23,2.76,12.25)",16.53,Ground,"(-13.03,0.00,3.78)",8.30
780,"(-10.64,2.78,-4.07)","(-0.15,0.00,0.99)",Wall North,"(-13.20,2.78,12.25)",16.52,Ground,"(-13.03,0.00,3.78)",8.30
790,"(-10.69,2.78,-4.08)","(-0.15,0.00,0.99)",Wall North,"(-13.25,2.78,12.25)",16.53,Ground,"(-13.03,0.00,3.78)",8.30
800,"(-10.73,2.77,-4.09)","(-0.15,0.00,0.99)",Wall North,"(-13.29,2.77,12.25)",16.54,Ground,"(-13.03,0.00,3.78)",8.30
810,"(-10.74,2.74,-4.09)","(-0.15,0.00,0.99)",Wall North,"(-13.30,2.74,12.25)",16.54,Ground,"(-13.03,0.00,3.78)",8.30
820,"(-10.73,2.74,-4.09)","(-0.15,0.00,0.99)",Wall North,"(-13.29,2.74,12.25)",16.54,Ground,"(-13.03,0.00,3.78)",8.30
830,"(-10.72,2.75,-4.08)","(-0.15,0.00,0.99)",Wall North,"(-13.28,2.75,12.25)",16.53,Ground,"(-13.03,0.00,3.78)",8.30
840,"(-10.72,2.75,-4.08)","(-0.15,0.00,0.99)",Wall North,"(-13.28,2.75,12.25)",16.53,Ground,"(-13.03,0.00,3.78)",8.30
850,"(-10.72,2.75,-4.08)","(-0.15,0.00,0.99)",Wall North,"(-13.28,2.75,12.25)",16.53,Ground,"(-13.03,0.00,3.78)",8.30
860,"(-10.72,2.75,-4.08)","(-0.21,-0.02,0.98)",Wall West,"(-14.21,2.49,12.20)",16.66,Ground,"(-13.03,0.00,3.78)",8.30
870,"(-10.72,2.75,-4.08)","(-0.47,-0.11,0.88)",Wall West,"(-14.21,1.93,2.43)",7.44,Ground,"(-13.03,0.00,3.78)",8.30
880,"(-10.72,2.75,-4.08)","(-0.56,-0.15,0.82)",Wall West,"(-14.21,1.83,1.04)",6.26,Ground,"(-13.03,0.00,3.78)",8.30
890,"(-10.72,2.75,-4.08)","(-0.59,-0.17,0.79)",Wall West,"(-14.21,1.74,0.53)",5.88,Ground,"(-13.08,0.00,3.72)",8.27
900,"(-10.72,2.75,-4.08)","(-0.64,-0.21,0.74)",Wall West,"(-14.21,1.61,-0.04)",5.46,Ground,"(-13.12,0.00,3.54)",8.11
910,"(-10.72,2.75,-4.08)","(-0.64,-0.21,0.74)",Wall West,"(-14.21,1.61,-0.04)",5.46,Ground,"(-13.12,0.00,3.54)",8.11
920,"(-10.51,2.75,-4.33)","(-0.64,-0.21,0.74)",Wall West,"(-14.21,1.54,-0.04)",5.79,Ground,"(-12.91,0.00,3.29)",8.11
930,"(-10.51,2.75,-4.33)","(-0.64,-0.21,0.74)",Wall West,"(-14.21,1.54,-0.04)",5.79,Ground,"(-12.91,0.00,3.29)",8.11
940,"(-10.51,2.75,-4.33)","(-0.64,-0.21,0.74)",Wall West,"(-14.21,1.54,-0.04)",5.79,Ground,"(-12.91,0.00,3.29)",8.11
950,"(-10.51,2.75,-4.33)","(-0.64,-0.21,0.74)",Wall West,"(-14.21,1.54,-0.04)",5.79,Ground,"(-12.91,0.00,3.29)",8.11
960,"(-10.51,2.75,-4.33)","(-0.64,-0.21,0.74)",Wall West,"(-14.21,1.54,-0.04)",5.79,Ground,"(-12.91,0.00,3.29)",8.11
970,"(-10.51,2.75,-4.33)","(-0.64,-0.21,0.74)",Wall West,"(-14.21,1.54,-0.04)",5.79,Ground,"(-12.91,0.00,3.29)",8.11
980,"(-10.51,2.75,-4.33)","(-0.64,-0.21,0.74)",Wall West,"(-14.21,1.54,-0.04)",5.79,Ground,"(-12.91,0.00,3.29)",8.11
990,"(-10.51,2.75,-4.33)","(-0.64,-0.21,0.74)",Wall West,"(-14.21,1.54,-0.04)",5.79,Ground,"(-12.91,0.00,3.29)",8.11
1000,"(-10.51,2.75,-4.33)","(-0.64,-0.21,0.74)",Wall West,"(-14.21,1.54,-0.04)",5.79,Ground,"(-12.91,0.00,3.29)",8.11
1010,"(-10.51,2.75,-4.33)","(-0.64,-0.21,0.74)",Wall West,"(-14.21,1.54,-0.04)",5.79,Ground,"(-12.91,0.00,3.29)",8.11
1020,"(-10.51,2.75,-4.33)","(-0.64,-0.21,0.74)",Wall West,"(-14.21,1.54,-0.04)",5.79,Ground,"(-12.91,0.00,3.29)",8.11
1030,"(-10.51,2.75,-4.33)","(-0.64,-0.21,0.74)",Wall West,"(-14.21,1.54,-0.04)",5.79,Ground,"(-12.91,0.00,3.29)",8.11
1040,"(-10.51,2.75,-4.33)","(-0.64,-0.21,0.74)",Wall West,"(-14.21,1.54,-0.04)",5.79,Ground,"(-12.91,0.00,3.29)",8.11
1050,"(-10.51,2.75,-4.33)","(-0.64,-0.21,0.74)",Wall West,"(-14.21,1.54,-0.04)",5.79,Ground,"(-12.91,0.00,3.29)",8.11
1060,"(-10.51,2.75,-4.33)","(-0.64,-0.21,0.74)",Wall West,"(-14.21,1.54,-0.04)",5.79,Ground,"(-12.91,0.00,3.29)",8.11
1070,"(-10.51,2.75,-4.33)","(-0.64,-0.21,0.74)",Wall West,"(-14.21,1.54,-0.04)",5.79,Ground,"(-12.91,0.00,3.29)",8.11
1080,"(-10.51,2.75,-4.33)","(-0.64,-0.21,0.74)",Wall West,"(-14.21,1.54,-0.04)",5.79,Ground,"(-12.91,0.00,3.29)",8.11
1090,"(-10.51,2.75,-4.33)","(-0.64,-0.21,0.74)",Wall West,"(-14.21,1.54,-0.04)",5.79,Ground,"(-12.91,0.00,3.29)",8.11
1100,"(-10.51,2.75,-4.33)","(-0.64,-0.21,0.74)",Wall West,"(-14.21,1.54,-0.04)",5.79,Ground,"(-12.91,0.00,3.29)",8.11
1110,"(-10.51,2.75,-4.33)","(-0.64,-0.21,0.74)",Wall West,"(-14.21,1.54,-0.04)",5.79,Ground,"(-12.91,0.00,3.29)",8.11
1120,"(-10.51,2.75,-4.33)","(-0.64,-0.21,0.74)",Wall West,"(-14.21,1.54,-0.04)",5.79,Ground,"(-12.91,0.00,3.29)",8.11
1130,"(-10.51,2.75,-4.33)","(-0.64,-0.21,0.74)",Wall West,"(-14.21,1.54,-0.04)",5.79,Ground,"(-12.91,0.00,3.29)",8.11
1140,"(-10.51,2.75,-4.33)","(-0.64,-0.21,0.74)",Wall West,"(-14.21,1.54,-0.04)",5.79,Ground,"(-12.91,0.00,3.29)",8.11
1150,"(-10.51,2.75,-4.33)","(-0.64,-0.21,0.74)",Wall West,"(-14.21,1.54,-0.04)",5.79,Ground,"(-12.91,0.00,3.29)",8.11
1160,"(-10.51,2.75,-4.33)","(-0.64,-0.21,0.74)",Wall West,"(-14.21,1.54,-0.04)",5.79,Ground,"(-12.91,0.00,3.29)",8.11
1170,"(-10.51,2.75,-4.33)","(-0.64,-0.21,0.74)",Wall West,"(-14.21,1.54,-0.04)",5.79,Ground,"(-12.91,0.00,3.29)",8.11
1180,"(-10.51,2.75,-4.33)","(-0.64,-0.21,0.74)",Wall West,"(-14.21,1.54,-0.04)",5.79,Ground,"(-12.91,0.00,3.29)",8.11
1190,"(-10.51,2.75,-4.33)","(-0.64,-0.21,0.74)",Wall West,"(-14.21,1.54,-0.04)",5.79,Ground,"(-12.91,0.00,3.29)",8.11
1200,"(-10.51,2.75,-4.33)","(-0.64,-0.21,0.74)",Wall West,"(-14.21,1.54,-0.04)",5.79,Ground,"(-12.91,0.00,3.29)",8.11
1210,"(-10.29,2.75,-4.58)","(-0.64,-0.21,0.74)",Wall West,"(-14.21,1.51,-0.04)",5.98,Ground,"(-12.79,0.00,3.16)",8.11
1220,"(-9.76,2.75,-5.19)","(-0.64,-0.21,0.74)",Wall West,"(-14.21,1.32,-0.04)",6.88,Ground,"(-12.21,0.00,2.49)",8.11
1230,"(-9.21,2.75,-5.83)","(-0.64,-0.21,0.74)",Wall West,"(-14.21,1.14,-0.04)",7.75,Ground,"(-11.66,0.00,1.85)",8.11
1240,"(-8.71,2.75,-6.41)","(-0.64,-0.21,0.74)",Wall West,"(-14.21,0.98,-0.04)",8.53,Ground,"(-11.16,0.00,1.27)",8.11
1250,"(-8.18,2.75,-7.03)","(-0.64,-0.21,0.74)",Wall West,"(-14.21,0.80,-0.04)",9.36,Ground,"(-10.63,0.00,0.66)",8.11
1260,"(-7.65,2.75,-7.63)","(-0.64,-0.21,0.74)",Wall West,"(-14.21,0.63,-0.04)",10.18,Ground,"(-10.10,0.00,0.05)",8.11
1270,"(-7.25,2.75,-8.10)","(-0.64,-0.21,0.74)",Wall West,"(-14.21,0.48,-0.04)",10.89,Ground,"(-9.65,0.00,-0.48)",8.11
1280,"(-7.58,2.75,-7.72)","(-0.64,-0.21,0.74)",Wall West,"(-14.21,0.58,-0.04)",10.45,Ground,"(-9.93,0.00,-0.15)",8.11
1290,"(-7.79,2.75,-7.48)","(-0.64,-0.21,0.74)",Wall West,"(-14.21,0.66,-0.04)",10.05,Ground,"(-10.19,0.00,0.14)",8.11
1300,"(-7.79,2.75,-7.48)","(-0.64,-0.21,0.74)",Wall West,"(-14.21,0.66,-0.04)",10.05,Ground,"(-10.19,0.00,0.14)",8.11
1310,"(-7.79,2.75,-7.48)","(-0.64,-0.21,0.74)",Wall West,"(-14.21,0.66,-0.04)",10.05,Ground,"(-10.19,0.00,0.14)",8.11
1320,"(-7.79,2.75,-7.48)","(-0.64,-0.21,0.74)",Wall West,"(-14.21,0.66,-0.04)",10.05,Ground,"(-10.19,0.00,0.14)",8.11
1330,"(-7.79,2.75,-7.48)","(-0.64,-0.21,0.74)",Wall West,"(-14.21,0.66,-0.04)",10.05,Ground,"(-10.19,0.00,0.14)",8.11
1340,"(-7.79,2.75,-7.48)","(-0.64,-0.21,0.74)",Wall West,"(-14.21,0.66,-0.04)",10.05,Ground,"(-10.19,0.00,0.14)",8.11
1350,"(-7.79,2.75,-7.48)","(-0.65,-0.21,0.73)",Wall West,"(-14.21,0.62,-0.19)",9.94,Ground,"(-10.19,0.00,0.14)",8.11
1360,"(-7.79,2.75,-7.48)","(-0.79,-0.27,0.55)",Cube,"(-13.13,0.95,-3.78)",6.74,Ground,"(-11.02,0.00,-0.89)",7.52
1370,"(-7.79,2.75,-7.48)","(-0.88,-0.25,0.41)",Wall West,"(-14.21,0.96,-4.48)",7.31,Ground,"(-11.02,0.00,-0.89)",7.52
1380,"(-7.79,2.75,-7.48)","(-0.88,-0.25,0.41)",Wall West,"(-14.21,0.96,-4.48)",7.31,Ground,"(-11.02,0.00,-0.89)",7.52
1390,"(-7.79,2.75,-7.48)","(-0.92,-0.23,0.33)",Wall West,"(-14.21,1.15,-5.15)",7.01,Ground,"(-11.02,0.00,-0.89)",7.52
1400,"(-7.79,2.75,-7.48)","(-0.92,-0.23,0.33)",Wall West,"(-14.21,1.15,-5.15)",7.01,Ground,"(-11.02,0.00,-0.89)",7.52
1410,"(-7.79,2.75,-7.48)","(-0.92,-0.23,0.33)",Wall West,"(-14.21,1.15,-5.15)",7.01,Ground,"(-11.02,0.00,-0.89)",7.52
1420,"(-7.79,2.75,-7.48)","(-0.92,-0.23,0.33)",Wall West,"(-14.21,1.15,-5.15)",7.01,Ground,"(-11.02,0.00,-0.88)",7.52
1430,"(-7.79,2.75,-7.48)","(-0.92,-0.23,0.33)",Wall West,"(-14.21,1.15,-5.15)",7.01,Ground,"(-11.02,0.00,-0.86)",7.53
1440,"(-7.79,2.75,-7.48)","(-0.92,-0.23,0.33)",Wall West,"(-14.21,1.15,-5.15)",7.01,Ground,"(-11.02,0.00,-0.86)",7.53
1450,"(-7.79,2.75,-7.48)","(-0.92,-0.23,0.33)",Wall West,"(-14.21,1.15,-5.15)",7.01,Ground,"(-11.02,0.00,-0.86)",7.54
1460,"(-7.79,2.75,-7.48)","(-0.92,-0.23,0.33)",Wall West,"(-14.21,1.15,-5.15)",7.01,Ground,"(-11.02,0.00,-0.86)",7.54
1470,"(-7.79,2.75,-7.48)","(-0.92,-0.23,0.33)",Wall West,"(-14.21,1.15,-5.15)",7.01,Ground,"(-12.69,0.00,-0.89)",8.36
1480,"(-7.79,2.75,-7.48)","(-0.92,-0.23,0.33)",Wall West,"(-14.21,1.15,-5.15)",7.01,Ground,"(-13.95,0.00,-1.10)",9.01
1490,"(-7.79,2.75,-7.48)","(-0.92,-0.23,0.33)",Wall West,"(-14.21,1.15,-5.15)",7.01,Cube,"(-13.13,0.64,-3.06)",7.01
1500,"(-7.79,2.75,-7.48)","(-0.92,-0.23,0.33)",Wall West,"(-14.21,1.15,-5.15)",7.01,Cube,"(-13.13,0.64,-3.07)",7.00
1510,"(-7.79,2.75,-7.48)","(-0.92,-0.23,0.33)",Wall West,"(-14.21,1.15,-5.15)",7.01,Cube,"(-13.13,0.64,-3.10)",6.98
1520,"(-7.79,2.75,-7.48)","(-0.92,-0.23,0.33)",Wall West,"(-14.21,1.15,-5.15)",7.01,Cube,"(-13.13,0.64,-3.10)",6.98
1530,"(-7.79,2.75,-7.48)","(-0.92,-0.23,0.33)",Wall West,"(-14.21,1.15,-5.15)",7.01,Cube,"(-13.13,0.64,-3.10)",6.98
1540,"(-7.79,2.75,-7.48)","(-0.92,-0.23,0.33)",Wall West,"(-14.21,1.15,-5.15)",7.01,Cube,"(-13.13,0.64,-3.10)",6.98
1550,"(-7.79,2.75,-7.48)","(-0.92,-0.23,0.33)",Wall West,"(-14.21,1.15,-5.15)",7.01,Wall West,"(-14.21,0.19,-2.30)",8.40
1560,"(-7.79,2.75,-7.48)","(-0.92,-0.23,0.33)",Wall West,"(-14.21,1.15,-5.15)",7.01,Wall West,"(-14.21,0.19,-2.30)",8.40
1570,"(-7.79,2.75,-7.48)","(-0.92,-0.23,0.33)",Wall West,"(-14.21,1.15,-5.15)",7.01,Ground,"(-14.01,0.00,0.60)",10.25
1580,"(-7.95,2.75,-7.42)","(-0.92,-0.23,0.33)",Wall West,"(-14.21,1.15,-5.15)",7.01,Ground,"(-13.19,0.00,3.28)",11.99
1590,"(-8.80,2.75,-7.11)","(-0.92,-0.23,0.33)",Wall West,"(-14.21,1.38,-5.15)",5.99,Ground,"(-13.99,0.00,3.99)",12.25
1600,"(-9.53,2.75,-6.85)","(-0.92,-0.23,0.33)",Cube,"(-9.63,2.71,-6.81)",0.19,Wall West,"(-14.21,0.28,3.20)",11.05
1610,"(-9.99,2.75,-6.68)","(-0.92,-0.23,0.33)",Cube,"(-10.39,2.65,-6.53)",0.44,Wall West,"(-14.21,0.57,2.31)",9.81
1620,"(-9.99,2.75,-6.68)","(-0.92,-0.23,0.33)",Cube,"(-10.39,2.65,-6.53)",0.44,Wall West,"(-14.21,0.57,2.31)",9.81
1630,"(-9.89,2.75,-6.37)","(-0.89,-0.23,0.39)",Cube,"(-10.27,2.67,-6.38)",0.37,Wall West,"(-14.21,0.34,3.50)",10.79
1640,"(-9.58,2.75,-5.68)","(-0.81,-0.23,0.53)",Cube,"(-10.00,2.64,-5.50)",0.47,Sphere,"(-11.85,0.52,4.14)",10.01
1650,"(-9.16,2.75,-5.04)","(-0.72,-0.23,0.66)",Cube,"(-9.30,2.72,-5.02)",0.13,Ground,"(-9.97,0.00,7.18)",12.25
1660,"(-8.54,2.75,-4.39)","(-0.58,-0.23,0.78)",Cube,"(-8.86,2.66,-4.18)",0.38,Ground,"(-7.16,0.00,7.75)",12.25
1670,"(-8.23,2.75,-4.14)","(-0.51,-0.23,0.83)",Wall West,"(-14.21,0.07,5.60)",11.75,Wall East (1),"(-6.27,0.95,3.95)",8.16
1680,"(-8.23,2.75,-4.14)","(-0.51,-0.23,0.83)",Wall West,"(-14.21,0.07,5.60)",11.75,Wall East (1),"(-6.27,0.95,3.95)",8.16
1690,"(-8.59,2.75,-3.56)","(-0.51,-0.23,0.83)",Wall West,"(-14.21,0.19,5.60)",11.21,Door Lighting Bottom,"(-5.69,0.01,8.26)",12.23
1700,"(-8.99,2.75,-2.90)","(-0.51,-0.23,0.83)",Wall West,"(-14.21,0.39,5.60)",10.32,Cube,"(-8.69,2.84,-2.52)",0.10
1710,"(-9.16,2.75,-2.63)","(-0.51,-0.23,0.83)",Wall West,"(-14.21,0.48,5.60)",9.92,Cube,"(-8.85,2.80,-2.03)",0.27
1720,"(-9.16,2.75,-2.63)","(-0.51,-0.23,0.83)",Wall West,"(-14.21,0.48,5.60)",9.92,Cube,"(-8.85,2.80,-2.03)",0.27
1730,"(-8.62,2.75,-2.30)","(-0.39,-0.23,0.89)",Door 1 Trigger,"(-13.57,0.01,8.30)",12.02,Cube,"(-8.37,2.84,-1.92)",0.11
1740,"(-7.91,2.75,-1.99)","(-0.24,-0.23,0.94)",Ground,"(-11.09,0.00,9.29)",12.04,Cube,"(-7.53,2.80,-1.53)",0.26
1750,"(-7.24,2.75,-1.80)","(-0.08,-0.23,0.97)",Ground,"(-8.70,0.00,9.81)",12.04,Cube,"(-6.80,2.80,-1.42)",0.26
1760,"(-7.26,2.75,-1.74)","(0.04,-0.23,0.97)",Ground,"(-6.82,0.00,9.97)",12.04,Cube,"(-6.72,2.81,-1.46)",0.20
1770,"(-7.26,2.75,-1.74)","(0.04,-0.23,0.97)",Ground,"(-6.82,0.00,9.97)",12.04,Cube,"(-6.72,2.81,-1.46)",0.20
1780,"(-7.23,2.75,-1.06)","(0.04,-0.23,0.97)",Ground,"(-6.80,0.00,10.50)",12.04,Cube,"(-6.65,2.80,-0.88)",0.28
1790,"(-7.20,2.75,-0.27)","(0.04,-0.23,0.97)",Ground,"(-6.76,0.00,11.36)",12.04,Cube,"(-6.52,2.76,0.08)",0.42
1800,"(-7.18,2.75,0.57)","(0.04,-0.23,0.97)",Ground,"(-6.74,0.00,12.19)",12.04,Cube,"(-6.35,2.72,1.04)",0.62
1810,"(-7.18,2.75,1.56)","(0.04,-0.23,0.97)",Wall North,"(-6.77,0.21,12.25)",11.11,Wall East (1),"(-6.27,2.69,2.09)",0.73
1820,"(-7.18,2.75,2.90)","(0.04,-0.23,0.97)",Wall North,"(-6.82,0.52,12.25)",9.76,Wall East (1),"(-6.27,2.69,3.40)",0.73
1830,"(-7.18,2.75,3.81)","(0.04,-0.23,0.97)",Wall North,"(-6.86,0.77,12.25)",8.68,Cube,"(-5.86,2.55,4.84)",1.31
1840,"(-7.18,2.75,3.81)","(0.04,-0.23,0.97)",Wall North,"(-6.86,0.77,12.25)",8.68,Cube,"(-5.86,2.55,4.84)",1.31
1850,"(-7.19,2.75,3.76)","(0.21,-0.23,0.95)",Wall North,"(-5.45,0.72,12.25)",8.89,Wall East (1),"(-6.27,2.71,4.20)",0.63
1860,"(-7.19,2.75,3.71)","(0.27,-0.23,0.93)",Wall North,"(-4.68,0.66,12.25)",9.14,Wall East (1),"(-6.27,2.72,4.04)",0.59
1870,"(-7.19,2.75,3.71)","(0.27,-0.23,0.93)",Wall North,"(-4.68,0.66,12.25)",9.14,Wall East (1),"(-6.27,2.72,4.04)",0.59
1880,"(-7.16,2.75,4.48)","(0.27,-0.23,0.93)",Wall North,"(-4.88,0.83,12.25)",8.40,Cube,"(-5.49,2.51,5.17)",1.50
1890,"(-6.94,2.75,5.23)","(0.27,-0.23,0.93)",Wall North,"(-4.88,1.01,12.25)",7.60,Cube,"(-5.15,2.48,5.98)",1.64
1900,"(-6.70,2.75,6.06)","(0.27,-0.23,0.93)",Wall North,"(-4.88,1.21,12.25)",6.78,Cube,"(-4.79,2.44,6.83)",1.81
1910,"(-6.60,2.75,6.38)","(0.27,-0.23,0.93)",Wall North,"(-4.88,1.32,12.25)",6.28,Cube,"(-4.51,2.40,7.38)",1.98
1920,"(-6.39,2.75,6.33)","(0.32,-0.23,0.92)",Wall North,"(-4.67,1.31,12.25)",6.34,Cube,"(-4.44,2.41,7.30)",1.94
1930,"(-5.66,2.75,6.07)","(0.47,-0.23,0.86)",Wall North,"(-2.51,1.12,12.25)",7.13,Cube,"(-3.57,2.42,6.64)",1.88
1940,"(-4.98,2.75,5.70)","(0.60,-0.23,0.77)",Wall North,"(-0.10,0.83,12.25)",8.39,Cube,"(-2.85,2.43,5.91)",1.85
1950,"(-4.79,2.75,5.57)","(0.64,-0.23,0.74)",Wall North,"(1.00,0.68,12.25)",9.08,Cube,"(-2.52,2.41,5.60)",1.93
1960,"(-4.59,2.75,5.79)","(0.64,-0.23,0.74)",Wall North,"(1.00,0.73,12.25)",8.86,Cube,"(-2.49,2.44,5.76)",1.81
1970,"(-4.07,2.75,6.40)","(0.64,-0.23,0.74)",Wall North,"(1.00,0.91,12.25)",8.04,Cube,"(-1.75,2.39,6.38)",2.03
1980,"(-3.55,2.75,6.99)","(0.64,-0.23,0.74)",Wall North,"(1.00,1.10,12.25)",7.23,Cube,"(-1.08,2.35,6.99)",2.19
1990,"(-3.40,2.75,7.17)","(0.64,-0.23,0.74)",Wall North,"(1.00,1.17,12.25)",6.90,Cube,"(-0.72,2.31,7.24)",2.35
2000,"(-3.32,2.75,7.11)","(0.65,-0.23,0.72)",Wall North,"(1.00,1.17,12.25)",6.90,Cube,"(-0.72,2.31,7.24)",2.35
2010,"(-2.73,2.75,6.57)","(0.77,-0.23,0.60)",Wall North,"(4.16,0.65,12.25)",9.18,Cube,"(-0.12,2.31,6.23)",2.36
2020,"(-2.24,2.75,5.93)","(0.86,-0.23,0.46)",Door 2 Trigger,"(7.93,0.01,11.70)",12.02,Cube,"(0.15,2.34,5.18)",2.24
2030,"(-2.16,2.75,5.80)","(0.87,-0.23,0.43)",Door 2 Trigger,"(8.33,0.01,10.98)",12.02,Cube,"(0.24,2.34,4.85)",2.25
2040,"(-1.83,2.75,5.96)","(0.87,-0.23,0.43)",Door 2 Trigger,"(8.60,0.01,11.11)",12.02,Cube,"(0.54,2.33,4.97)",2.28
2050,"(-1.10,2.75,6.32)","(0.87,-0.23,0.43)",Ground,"(9.33,0.00,11.47)",12.04,Cube,"(1.40,2.25,5.30)",2.44
2060,"(-0.29,2.75,6.72)","(0.87,-0.23,0.43)",Ground,"(10.14,0.00,11.87)",12.04,Cube,"(2.40,2.01,5.84)",2.65
2070,"(0.63,2.75,7.18)","(0.87,-0.23,0.43)",Wall East,"(10.29,0.20,11.94)",11.17,Cube,"(3.48,1.80,6.51)",2.84
2080,"(2.05,2.75,7.87)","(0.87,-0.23,0.43)",Wall East,"(10.29,0.56,11.94)",9.61,Cube,"(5.03,1.65,7.66)",3.06
2090,"(2.35,2.75,8.02)","(0.87,-0.23,0.43)",Wall East,"(10.29,0.67,11.94)",9.09,Cube,"(5.58,1.46,8.53)",3.32
2100,"(2.12,2.75,8.35)","(0.83,-0.23,0.50)",Wall North,"(9.00,0.90,12.25)",8.11,Cube,"(5.36,1.42,9.28)",3.42
2110,"(1.71,2.75,8.84)","(0.76,-0.23,0.61)",Wall North,"(5.93,1.48,12.25)",5.58,Cube,"(4.61,1.46,10.47)",3.42
2120,"(1.71,2.75,8.84)","(0.76,-0.23,0.61)",Wall North,"(5.93,1.48,12.25)",5.58,Cube,"(4.59,1.46,10.49)",3.42
2130,"(1.71,2.75,8.84)","(0.76,-0.23,0.61)",Wall North,"(5.93,1.48,12.25)",5.58,Cube,"(4.80,1.56,10.25)",3.42
2140,"(1.71,2.75,8.84)","(0.76,-0.23,0.61)",Wall North,"(5.93,1.48,12.25)",5.58,Cube,"(4.96,1.65,10.02)",3.42
2150,"(1.71,2.75,8.84)","(0.76,-0.23,0.61)",Wall North,"(5.93,1.48,12.25)",5.58,Cube,"(5.09,1.75,9.84)",3.42
2160,"(1.71,2.75,8.84)","(0.76,-0.23,0.61)",Wall North,"(5.93,1.48,12.25)",5.58,Cube,"(5.09,1.75,9.84)",3.42
2170,"(1.71,2.75,8.84)","(0.76,-0.23,0.61)",Wall North,"(5.93,1.48,12.25)",5.58,Cube,"(5.09,1.75,9.84)",3.42
2180,"(1.71,2.75,8.84)","(0.76,-0.23,0.61)",Wall North,"(5.93,1.48,12.25)",5.58,Cube,"(5.06,1.69,9.85)",3.42
2190,"(1.71,2.75,8.84)","(0.76,-0.23,0.61)",Wall North,"(5.93,1.48,12.25)",5.58,Cube,"(5.06,1.69,9.85)",3.42
2200,"(1.71,2.75,8.84)","(0.76,-0.23,0.61)",Wall North,"(5.93,1.48,12.25)",5.58,Cube,"(5.06,1.69,9.85)",3.42
2210,"(2.06,2.75,9.12)","(0.76,-0.23,0.61)",Wall North,"(5.93,1.58,12.25)",5.11,Cube,"(5.41,1.69,10.14)",3.42
2220,"(2.06,2.75,9.12)","(0.76,-0.23,0.61)",Wall North,"(5.93,1.58,12.25)",5.11,Cube,"(5.45,1.57,10.17)",3.51
2230,"(2.06,2.75,9.12)","(0.76,-0.23,0.61)",Wall North,"(5.93,1.58,12.25)",5.11,Cube,"(5.42,1.49,10.16)",3.51
2240,"(2.06,2.75,9.12)","(0.76,-0.23,0.61)",Wall North,"(5.93,1.58,12.25)",5.11,Cube,"(5.42,1.49,10.16)",3.51
2250,"(2.06,2.75,9.12)","(0.76,-0.23,0.61)",Wall North,"(5.93,1.58,12.25)",5.11,Cube,"(5.44,1.49,10.17)",3.53
2260,"(2.06,2.75,9.12)","(0.76,-0.23,0.61)",Wall North,"(5.93,1.58,12.25)",5.11,Cube,"(5.52,1.45,10.20)",3.63
2270,"(2.06,2.75,9.12)","(0.76,-0.23,0.61)",Wall North,"(5.93,1.58,12.25)",5.11,Ground,"(8.69,0.00,11.52)",7.35
2280,"(2.06,2.75,9.12)","(0.76,-0.23,0.61)",Wall North,"(5.93,1.58,12.25)",5.11,Ground,"(8.69,0.00,11.52)",7.35
2290,"(2.06,2.75,9.12)","(0.76,-0.23,0.61)",Wall North,"(5.93,1.58,12.25)",5.11,Ground,"(8.69,0.00,11.52)",7.35
2300,"(2.06,2.75,9.12)","(0.76,-0.23,0.61)",Wall North,"(5.93,1.58,12.25)",5.11,Ground,"(8.69,0.00,11.52)",7.35
2310,"(2.06,2.75,9.12)","(0.76,-0.23,0.61)",Wall North,"(5.93,1.58,12.25)",5.11,Ground,"(8.69,0.00,11.52)",7.35
2320,"(2.06,2.75,9.12)","(0.76,-0.23,0.61)",Wall North,"(5.93,1.58,12.25)",5.11,Ground,"(8.69,0.00,11.52)",7.35
2330,"(2.06,2.75,9.12)","(0.76,-0.23,0.61)",Wall North,"(5.93,1.58,12.25)",5.11,Ground,"(8.69,0.00,11.52)",7.35
2340,"(2.06,2.75,9.12)","(0.76,-0.23,0.61)",Wall North,"(5.93,1.58,12.25)",5.11,Ground,"(8.69,0.00,11.52)",7.35
2350,"(2.06,2.75,9.12)","(0.76,-0.23,0.61)",Wall North,"(5.93,1.58,12.25)",5.11,Ground,"(8.69,0.00,11.52)",7.35
2360,"(2.06,2.75,9.12)","(0.76,-0.23,0.61)",Wall North,"(5.93,1.58,12.25)",5.11,Ground,"(8.69,0.00,11.52)",7.35
2370,"(2.06,2.75,9.12)","(0.76,-0.23,0.61)",Wall North,"(5.93,1.58,12.25)",5.11,Ground,"(8.69,0.00,11.52)",7.35
2380,"(2.06,2.75,9.12)","(0.76,-0.23,0.61)",Wall North,"(5.93,1.58,12.25)",5.11,Ground,"(8.69,0.00,11.52)",7.35
2390,"(2.06,2.75,9.12)","(0.76,-0.23,0.61)",Wall North,"(5.93,1.58,12.25)",5.11,Ground,"(8.69,0.00,11.52)",7.35
2400,"(2.06,2.75,9.12)","(0.76,-0.23,0.61)",Wall North,"(5.93,1.58,12.25)",5.11,Ground,"(8.69,0.00,11.52)",7.35
2410,"(1.57,2.75,9.56)","(0.66,-0.23,0.71)",Wall North,"(4.45,1.83,12.25)",4.03,Wall North,"(7.43,0.28,12.25)",6.63
2420,"(0.95,2.75,9.96)","(0.54,-0.23,0.81)",Wall North,"(2.63,2.09,12.25)",2.91,Wall North,"(4.43,1.23,12.25)",4.18
2430,"(0.26,2.75,10.27)","(0.41,-0.23,0.88)",Wall North,"(1.30,2.23,12.25)",2.29,Wall North,"(2.59,1.71,12.25)",2.97
2440,"(-0.16,2.75,10.39)","(0.32,-0.23,0.92)",Wall North,"(0.49,2.29,12.25)",2.02,Wall North,"(1.58,1.91,12.25)",2.45
2450,"(-0.16,2.75,10.39)","(0.32,-0.23,0.92)",Wall North,"(0.49,2.29,12.25)",2.02,Wall North,"(1.58,1.91,12.25)",2.45
2460,"(-0.85,2.75,10.51)","(0.18,-0.23,0.96)",Wall North,"(-0.42,2.33,12.25)",1.83,Wall North,"(0.52,2.06,12.25)",2.05
2470,"(-1.58,2.75,10.52)","(0.03,-0.23,0.97)",Wall North,"(-1.43,2.34,12.25)",1.78,Wall North,"(-0.57,2.15,12.25)",1.81
2480,"(-2.34,2.75,10.41)","(-0.13,-0.23,0.96)",Wall North,"(-2.36,2.32,12.25)",1.87,Wall North,"(-1.50,2.17,12.25)",1.77
2490,"(-3.17,2.75,10.13)","(-0.31,-0.23,0.92)",Wall North,"(-3.74,2.24,12.25)",2.25,Wall North,"(-2.80,2.09,12.25)",1.97
2500,"(-3.91,2.75,9.72)","(-0.47,-0.23,0.85)",Wall North,"(-5.13,2.09,12.25)",2.88,Wall North,"(-3.99,1.93,12.25)",2.38
2510,"(-4.55,2.75,9.20)","(-0.61,-0.23,0.76)",Door 1 Wiring - 1,"(-6.51,1.94,12.08)",3.56,Wall North,"(-5.18,1.70,12.25)",2.98
2520,"(-5.08,2.75,8.58)","(-0.73,-0.23,0.64)",Wall North,"(-8.96,1.50,12.25)",5.47,Wall North,"(-6.82,1.28,12.25)",4.05
2530,"(-5.49,2.75,7.90)","(-0.83,-0.23,0.51)",Wall North,"(-12.20,0.88,12.25)",8.20,Wall North,"(-8.76,0.69,12.25)",5.57
2540,"(-5.79,2.75,7.09)","(-0.91,-0.23,0.35)",Wall West,"(-14.21,0.62,10.59)",9.35,Ground,"(-11.09,0.00,11.81)",7.36
2550,"(-5.94,2.75,6.28)","(-0.96,-0.23,0.18)",Wall West,"(-14.21,0.77,8.09)",8.69,Ground,"(-12.00,0.00,9.98)",7.37
2560,"(-5.96,2.75,5.90)","(-0.97,-0.23,0.10)",Wall West,"(-14.21,0.81,6.79)",8.52,Ground,"(-12.35,0.00,8.90)",7.36
2570,"(-5.96,2.75,5.83)","(-0.97,-0.23,0.09)",Wall West,"(-14.21,0.81,6.79)",8.52,Ground,"(-12.35,0.00,8.90)",7.36
2580,"(-5.89,2.75,5.03)","(-0.97,-0.23,-0.08)",Wall West,"(-14.21,0.80,4.56)",8.55,Ground,"(-12.71,0.00,6.96)",7.36
2590,"(-7.93,2.75,4.43)","(-0.96,-0.23,-0.14)",Wall West,"(-14.21,1.25,3.52)",6.59,Wall West,"(-14.21,0.25,5.66)",6.72
2600,"(-8.32,2.75,4.37)","(-0.96,-0.23,-0.14)",Wall West,"(-14.21,1.35,3.52)",6.12,Wall West,"(-14.21,0.44,5.53)",6.22
2610,"(-8.30,2.75,4.30)","(-0.96,-0.23,-0.16)",Wall West,"(-14.21,1.35,3.52)",6.12,Wall West,"(-14.21,0.44,5.53)",6.22
2620,"(-8.07,2.75,3.63)","(-0.93,-0.23,-0.30)",Wall West,"(-14.21,1.26,2.00)",6.51,Wall West,"(-14.21,0.40,4.11)",6.32
2630,"(-7.75,2.75,3.02)","(-0.87,-0.23,-0.43)",Wall West,"(-14.21,1.08,0.02)",7.31,Wall West,"(-14.21,0.25,2.37)",6.72
2640,"(-7.33,2.75,2.44)","(-0.80,-0.23,-0.56)",Wall West,"(-14.21,0.81,-2.18)",8.51,Ground,"(-14.16,0.00,0.62)",7.35
2650,"(-6.82,2.75,1.93)","(-0.70,-0.23,-0.68)",Wall West,"(-14.21,0.45,-4.56)",10.09,Ground,"(-13.41,0.00,-0.75)",7.35
2660,"(-6.57,2.75,1.73)","(-0.65,-0.23,-0.72)",Wall West,"(-14.21,0.08,-6.72)",11.70,Ground,"(-12.74,0.00,-1.68)",7.36
2670,"(-6.62,2.75,1.67)","(-0.65,-0.23,-0.72)",Wall West,"(-14.21,0.10,-6.72)",11.62,Ground,"(-12.82,0.00,-1.77)",7.39
2680,"(-6.62,2.75,1.67)","(-0.65,-0.23,-0.72)",Wall West,"(-14.21,0.10,-6.72)",11.62,Ground,"(-12.82,0.00,-1.78)",7.41
2690,"(-6.62,2.75,1.67)","(-0.65,-0.23,-0.72)",Wall West,"(-14.21,0.10,-6.72)",11.62,Ground,"(-12.82,0.00,-1.78)",7.41
2700,"(-6.62,2.75,1.67)","(-0.65,-0.23,-0.72)",Wall West,"(-14.21,0.10,-6.72)",11.62,Ground,"(-12.56,0.00,-2.22)",7.44
2710,"(-6.62,2.75,1.67)","(-0.65,-0.23,-0.72)",Wall West,"(-14.21,0.10,-6.72)",11.62,Ground,"(-13.83,0.00,-4.46)",9.69
2720,"(-6.62,2.75,1.67)","(-0.65,-0.23,-0.72)",Wall West,"(-14.21,0.10,-6.72)",11.62,Cylinder,"(-13.58,0.65,-4.61)",9.44
2730,"(-6.62,2.75,1.67)","(-0.65,-0.23,-0.72)",Wall West,"(-14.21,0.10,-6.72)",11.62,Cylinder,"(-13.60,0.74,-4.63)",9.45
2740,"(-6.62,2.75,1.67)","(-0.65,-0.23,-0.72)",Wall West,"(-14.21,0.10,-6.72)",11.62,Cylinder,"(-13.60,0.74,-4.63)",9.45
2750,"(-6.62,2.75,1.67)","(-0.65,-0.23,-0.72)",Wall West,"(-14.21,0.10,-6.72)",11.62,Cylinder,"(-13.60,0.74,-4.63)",9.45
2760,"(-6.62,2.75,1.67)","(-0.65,-0.23,-0.72)",Wall West,"(-14.21,0.10,-6.72)",11.62,Cylinder,"(-13.60,0.74,-4.63)",9.45
2770,"(-6.62,2.75,1.67)","(-0.65,-0.23,-0.72)",Wall West,"(-14.21,0.10,-6.72)",11.62,Wall West,"(-14.21,0.54,-5.22)",10.32
2780,"(-6.62,2.75,1.67)","(-0.65,-0.23,-0.72)",Wall West,"(-14.21,0.10,-6.72)",11.62,Wall West,"(-14.21,0.54,-5.22)",10.32
2790,"(-6.62,2.75,1.67)","(-0.65,-0.23,-0.72)",Wall West,"(-14.21,0.10,-6.72)",11.62,Wall West,"(-14.21,0.54,-5.22)",10.32
2800,"(-6.62,2.75,1.67)","(-0.65,-0.23,-0.72)",Wall West,"(-14.21,0.10,-6.72)",11.62,Wall West,"(-14.21,0.54,-5.22)",10.32
2810,"(-6.62,2.75,1.67)","(-0.65,-0.23,-0.72)",Wall West,"(-14.21,0.10,-6.72)",11.62,Wall West,"(-14.21,0.88,-3.53)",9.17
2820,"(-6.62,2.75,1.67)","(-0.65,-0.23,-0.72)",Wall West,"(-14.21,0.10,-6.72)",11.62,Wall West,"(-14.21,0.96,-2.88)",8.79
2830,"(-6.62,2.75,1.67)","(-0.65,-0.23,-0.72)",Wall West,"(-14.21,0.10,-6.72)",11.62,Wall West,"(-14.21,0.99,-2.68)",8.69
2840,"(-6.62,2.75,1.67)","(-0.65,-0.23,-0.72)",Wall West,"(-14.21,0.10,-6.72)",11.62,Wall West,"(-14.21,0.99,-2.68)",8.69
2850,"(-6.62,2.75,1.67)","(-0.65,-0.23,-0.72)",Wall West,"(-14.21,0.10,-6.72)",11.62,Wall West,"(-14.21,0.99,-2.68)",8.69
2860,"(-7.05,2.75,2.04)","(-0.73,-0.23,-0.64)",Wall West,"(-14.21,0.47,-4.50)",9.97,Wall West,"(-14.21,1.18,-1.18)",7.80
2870,"(-7.56,2.75,2.64)","(-0.83,-0.23,-0.51)",Wall West,"(-14.21,0.89,-1.66)",8.14,Wall West,"(-14.21,1.40,0.93)",6.79
2880,"(-7.96,2.75,3.30)","(-0.90,-0.23,-0.36)",Wall West,"(-14.21,1.15,0.57)",7.01,Wall West,"(-14.21,1.53,2.78)",6.19
2890,"(-8.26,2.75,4.08)","(-0.95,-0.23,-0.20)",Wall West,"(-14.21,1.30,2.46)",6.34,Wall West,"(-14.21,1.59,4.47)",5.90
2900,"(-8.42,2.75,4.91)","(-0.97,-0.23,-0.02)",Wall West,"(-14.21,1.39,4.61)",5.96,Wall West,"(-14.21,1.59,6.57)",5.93
2910,"(-8.41,2.75,5.84)","(-0.96,-0.23,0.17)",Wall West,"(-14.21,1.38,6.66)",6.02,Wall West,"(-14.21,1.48,8.78)",6.42
2920,"(-8.24,2.75,6.70)","(-0.91,-0.23,0.35)",Wall West,"(-14.21,1.27,8.76)",6.49,Wall West,"(-14.21,1.25,11.29)",7.48
2930,"(-7.91,2.75,7.53)","(-0.83,-0.23,0.51)",Wall West,"(-14.21,1.04,11.21)",7.50,Wall North,"(-12.01,1.54,12.25)",6.17
2940,"(-7.42,2.75,8.27)","(-0.71,-0.23,0.66)",Wall North,"(-12.02,1.32,12.25)",6.25,Door 1 Wiring - 1,"(-9.58,1.95,12.09)",4.25
2950,"(-6.82,2.75,8.90)","(-0.58,-0.23,0.78)",Door 1 Wiring - 1,"(-9.41,1.78,12.11)",4.24,Wall North,"(-7.92,2.15,12.25)",3.37
2960,"(-6.09,2.75,9.42)","(-0.42,-0.23,0.88)",Door 1 Wiring - 1,"(-7.58,2.02,12.17)",3.22,Wall North,"(-6.41,2.30,12.25)",2.68
2970,"(-5.27,2.75,9.79)","(-0.24,-0.23,0.94)",Wall North,"(-6.04,2.14,12.25)",2.65,Wall North,"(-5.03,2.38,12.25)",2.29
2980,"(-4.41,2.75,9.99)","(-0.06,-0.23,0.97)",Wall North,"(-4.69,2.22,12.25)",2.34,Wall North,"(-3.74,2.41,12.25)",2.17
2990,"(-3.52,2.75,10.03)","(0.12,-0.23,0.97)",Wall North,"(-3.36,2.23,12.25)",2.29,Wall North,"(-2.37,2.38,12.25)",2.31
3000,"(-2.63,2.75,9.90)","(0.31,-0.23,0.92)",Wall North,"(-2.11,2.18,12.25)",2.48,Wall North,"(-0.97,2.28,12.25)",2.74
3010,"(-1.81,2.75,9.61)","(0.47,-0.23,0.85)",Wall North,"(-0.53,2.06,12.25)",3.02,Wall North,"(1.01,2.07,12.25)",3.72
3020,"(-1.07,2.75,9.18)","(0.62,-0.23,0.75)",Wall North,"(1.26,1.85,12.25)",3.96,Wall North,"(3.62,1.68,12.25)",5.50
3030,"(-0.40,2.75,8.61)","(0.75,-0.23,0.62)",Wall North,"(3.73,1.46,12.25)",5.66,Wall North,"(8.13,0.86,12.25)",9.26
3040,"(0.18,2.75,7.88)","(0.86,-0.23,0.46)",Wall North,"(7.62,0.72,12.25)",8.87,Wall East,"(10.29,0.62,10.12)",10.39
3050,"(0.57,2.75,7.11)","(0.93,-0.23,0.29)",Wall East,"(10.29,0.34,10.47)",10.57,Wall East,"(10.29,0.76,7.32)",9.72
3060,"(0.67,2.75,6.84)","(0.94,-0.23,0.24)",Wall East,"(10.29,0.42,9.26)",10.19,Wall East,"(10.29,0.79,6.21)",9.61
3070,"(0.67,2.75,6.84)","(0.94,-0.23,0.24)",Wall East,"(10.29,0.42,9.26)",10.19,Wall East,"(10.29,0.79,6.21)",9.61
3080,"(0.67,2.75,6.84)","(0.94,-0.23,0.24)",Wall East,"(10.29,0.42,9.26)",10.19,Wall East,"(10.29,0.79,6.21)",9.61
3090,"(1.29,2.75,7.00)","(0.94,-0.23,0.24)",Wall East,"(10.29,0.56,9.26)",9.61,Wall East,"(10.29,0.91,6.37)",9.04
3100,"(2.03,2.75,7.19)","(0.94,-0.23,0.24)",Cylinder,"(2.02,2.73,7.18)",0.07,Wall East,"(10.29,1.07,6.58)",8.28
3110,"(2.33,2.75,7.26)","(0.94,-0.23,0.24)",Cylinder,"(2.60,2.68,7.33)",0.29,Wall East,"(10.29,1.16,6.69)",7.90
3120,"(2.33,2.75,7.26)","(0.94,-0.23,0.24)",Cylinder,"(2.60,2.68,7.33)",0.29,Wall East,"(10.29,1.16,6.69)",7.90
3130,"(2.51,2.75,6.54)","(0.97,-0.23,0.08)",Cylinder,"(2.65,2.71,6.63)",0.15,Wall East,"(10.29,1.16,4.92)",7.89
3140,"(2.58,2.75,5.79)","(0.97,-0.23,-0.07)",Cylinder,"(2.72,2.72,5.85)",0.15,Wall East,"(10.29,1.09,2.82)",8.22
3150,"(2.57,2.75,5.56)","(0.97,-0.23,-0.12)",Cylinder,"(2.85,2.68,5.53)",0.29,Wall East,"(10.29,1.04,1.94)",8.46
3160,"(2.57,2.75,5.56)","(0.97,-0.23,-0.12)",Cylinder,"(2.85,2.68,5.53)",0.29,Wall East,"(10.29,1.04,1.94)",8.46
3170,"(3.24,2.75,5.48)","(0.97,-0.23,-0.12)",Wall East,"(10.29,1.06,4.61)",7.38,Wall East,"(10.29,1.02,1.38)",8.16
3180,"(4.02,2.75,5.40)","(0.97,-0.23,-0.12)",Wall East,"(10.29,1.27,4.63)",6.49,Cylinder,"(4.19,2.87,4.99)",0.06
3190,"(4.02,2.75,5.40)","(0.97,-0.23,-0.12)",Wall East,"(10.29,1.27,4.63)",6.49,Cylinder,"(4.23,2.85,4.92)",0.14
3200,"(4.02,2.75,5.40)","(0.97,-0.23,-0.12)",Wall East,"(10.29,1.27,4.63)",6.49,Cylinder,"(4.21,2.85,4.91)",0.14
3210,"(3.95,2.75,4.82)","(0.94,-0.23,-0.24)",Wall East,"(10.29,1.23,3.40)",6.67,Cylinder,"(4.08,2.87,4.43)",0.09
3220,"(3.77,2.75,4.12)","(0.90,-0.23,-0.38)",Wall East,"(10.29,1.13,1.73)",7.14,Cylinder,"(3.87,2.87,3.78)",0.08
3230,"(3.58,2.75,3.63)","(0.85,-0.23,-0.48)",Wall East,"(10.29,0.94,-0.18)",7.93,Cylinder,"(3.56,2.85,3.10)",0.14
3240,"(3.58,2.75,3.63)","(0.85,-0.23,-0.48)",Wall East,"(10.29,0.94,-0.18)",7.93,Cylinder,"(3.56,2.85,3.10)",0.14
3250,"(4.26,2.75,3.24)","(0.85,-0.23,-0.48)",Wall East,"(10.29,1.11,-0.18)",7.20,Cylinder,"(4.19,2.83,2.66)",0.23
3260,"(4.95,2.75,2.85)","(0.85,-0.23,-0.48)",Wall East,"(10.29,1.29,-0.18)",6.40,Cylinder,"(4.87,2.79,2.13)",0.38
3270,"(5.62,2.75,2.47)","(0.85,-0.23,-0.48)",Wall East,"(10.29,1.45,-0.18)",5.67,Cylinder,"(5.50,2.75,1.64)",0.53
3280,"(6.36,2.75,2.05)","(0.85,-0.23,-0.48)",Wall East,"(10.29,1.67,-0.18)",4.72,Cylinder,"(6.31,2.71,1.01)",0.70
3290,"(7.17,2.75,1.59)","(0.85,-0.23,-0.48)",Wall East,"(10.29,1.89,-0.18)",3.77,Cylinder,"(7.13,2.68,0.42)",0.84
3300,"(7.24,2.75,1.55)","(0.85,-0.23,-0.48)",Wall East,"(10.29,1.93,-0.18)",3.61,Cylinder,"(7.27,2.64,0.21)",0.98
3310,"(7.05,2.75,1.20)","(0.80,-0.23,-0.55)",Wall East,"(10.29,1.87,-0.70)",3.86,Cylinder,"(7.06,2.65,0.04)",0.92
3320,"(6.57,2.75,0.52)","(0.69,-0.23,-0.69)",Wall East,"(10.29,1.57,-2.86)",5.17,Cylinder,"(6.33,2.65,-0.64)",0.91
3330,"(5.99,2.75,-0.05)","(0.56,-0.23,-0.79)",Wall East,"(10.29,1.06,-5.82)",7.39,Cylinder,"(5.54,2.66,-1.14)",0.87
3340,"(5.37,2.75,-0.49)","(0.43,-0.23,-0.88)",Wall East,"(10.29,0.24,-10.01)",11.01,Cylinder,"(4.73,2.65,-1.52)",0.92
3350,"(4.58,2.75,-0.86)","(0.26,-0.23,-0.94)",Game Win Trigger,"(7.86,0.09,-11.69)",11.63,Cylinder,"(3.77,2.65,-1.75)",0.92
3360,"(3.67,2.75,-1.08)","(0.06,-0.23,-0.97)",Game Win Trigger,"(4.97,0.24,-11.69)",10.98,Cylinder,"(2.82,2.66,-1.80)",0.91
3370,"(2.75,2.75,-1.12)","(-0.13,-0.23,-0.97)",Game Win Trigger,"(1.65,0.26,-11.69)",10.92,Cylinder,"(1.66,2.65,-1.63)",0.92
3380,"(1.84,2.75,-0.98)","(-0.31,-0.23,-0.92)",Ground,"(-1.66,0.00,-12.16)",12.04,Cylinder,"(0.68,2.66,-1.26)",0.91
3390,"(0.97,2.75,-0.66)","(-0.49,-0.23,-0.84)",Ground,"(-4.63,0.00,-10.95)",12.04,Cylinder,"(-0.22,2.65,-0.72)",0.92
3400,"(0.19,2.75,-0.19)","(-0.64,-0.23,-0.73)",Wall East (1),"(-5.77,0.57,-7.32)",9.55,Cylinder,"(-0.99,2.66,0.00)",0.90
3410,"(-0.03,2.75,-0.01)","(-0.69,-0.23,-0.69)",Wall East (1),"(-5.77,0.84,-5.76)",8.35,Cylinder,"(-1.33,2.64,0.34)",0.98
3420,"(-0.03,2.75,-0.01)","(-0.69,-0.23,-0.69)",Wall East (1),"(-5.77,0.84,-5.76)",8.35,Cylinder,"(-1.33,2.64,0.34)",0.98
3430,"(-0.32,2.75,0.26)","(-0.74,-0.23,-0.63)",Wall East (1),"(-5.77,1.03,-4.61)",7.52,Cylinder,"(-1.45,2.64,0.65)",0.90
3440,"(-0.57,2.75,0.54)","(-0.79,-0.23,-0.57)",Wall East (1),"(-5.77,1.25,-3.18)",6.57,Cylinder,"(-1.78,2.62,1.13)",0.98
3450,"(-0.57,2.75,0.54)","(-0.79,-0.23,-0.57)",Wall East (1),"(-5.77,1.25,-3.18)",6.57,Cylinder,"(-1.78,2.59,1.10)",0.98
3460,"(-0.57,2.75,0.54)","(-0.79,-0.23,-0.57)",Wall East (1),"(-5.77,1.25,-3.18)",6.57,Cylinder,"(-1.78,2.52,1.03)",0.98
3470,"(-0.57,2.75,0.54)","(-0.79,-0.23,-0.57)",Wall East (1),"(-5.77,1.25,-3.18)",6.57,Cylinder,"(-1.78,2.51,1.03)",0.98
3480,"(-0.57,2.75,0.54)","(-0.79,-0.23,-0.57)",Wall East (1),"(-5.77,1.25,-3.18)",6.57,Cylinder,"(-1.78,2.52,1.05)",0.98
3490,"(-0.97,2.75,1.10)","(-0.87,-0.23,-0.44)",Wall East (1),"(-5.77,1.46,-1.54)",5.63,Cylinder,"(-1.97,2.57,1.66)",0.87
3500,"(-1.33,2.75,1.81)","(-0.93,-0.23,-0.29)",Wall East (1),"(-5.77,1.64,0.20)",4.85,Cylinder,"(-2.25,2.56,2.53)",0.92
3510,"(-1.36,2.75,1.90)","(-0.93,-0.23,-0.27)",Door 1 Wiring - 3,"(-5.67,1.70,0.64)",4.61,Cylinder,"(-2.41,2.54,2.68)",0.98
3520,"(-1.36,2.75,1.90)","(-0.93,-0.23,-0.27)",Door 1 Wiring - 3,"(-5.67,1.70,0.64)",4.61,Cylinder,"(-2.45,2.51,2.58)",0.98
3530,"(-1.36,2.75,1.90)","(-0.93,-0.23,-0.27)",Door 1 Wiring - 3,"(-5.67,1.70,0.64)",4.61,Cylinder,"(-2.46,2.50,2.55)",0.98
3540,"(-2.18,2.75,1.66)","(-0.93,-0.23,-0.27)",Door 1 Wiring - 3,"(-5.67,1.87,0.64)",3.83,Cylinder,"(-3.27,2.46,2.29)",1.06
3550,"(-2.35,2.75,1.61)","(-0.93,-0.23,-0.27)",Door 1 Wiring - 3,"(-5.69,1.94,0.63)",3.56,Cylinder,"(-3.67,2.39,2.14)",1.19
3560,"(-2.35,2.75,1.61)","(-0.93,-0.23,-0.27)",Door 1 Wiring - 3,"(-5.69,1.94,0.63)",3.56,Cylinder,"(-3.67,2.37,2.11)",1.19
3570,"(-2.18,2.75,1.22)","(-0.91,-0.23,-0.36)",Door 1 Wiring - 1,"(-5.60,1.90,0.03)",3.71,Cylinder,"(-3.60,2.35,1.70)",1.23
3580,"(-1.73,2.75,0.50)","(-0.83,-0.23,-0.51)",Wall East (1),"(-5.77,1.68,-1.63)",4.67,Cylinder,"(-3.26,2.35,0.82)",1.23
3590,"(-1.09,2.75,0.90)","(-0.83,-0.23,-0.51)",Wall East (1),"(-5.77,1.48,-2.01)",5.57,Cylinder,"(-2.62,2.32,1.03)",1.26
3600,"(-0.39,2.75,1.34)","(-0.83,-0.23,-0.51)",Wall East (1),"(-5.77,1.28,-2.01)",6.42,Cylinder,"(-1.65,2.44,1.49)",0.97
3610,"(-0.18,2.75,1.46)","(-0.83,-0.23,-0.51)",Wall East (1),"(-5.77,1.21,-2.01)",6.76,Cylinder,"(-1.25,2.51,1.67)",0.83
3620,"(-0.18,2.75,1.46)","(-0.83,-0.23,-0.51)",Wall East (1),"(-5.77,1.21,-2.01)",6.76,Cylinder,"(-1.25,2.51,1.67)",0.83
3630,"(-0.60,2.75,1.20)","(-0.83,-0.23,-0.51)",Wall East (1),"(-5.77,1.30,-2.01)",6.35,Cylinder,"(-1.51,2.55,1.47)",0.74
3640,"(-1.39,2.75,0.71)","(-0.83,-0.23,-0.51)",Wall East (1),"(-5.77,1.52,-2.01)",5.39,Cylinder,"(-2.55,2.44,1.06)",1.01
3650,"(-1.83,2.75,0.44)","(-0.83,-0.23,-0.51)",Wall East (1),"(-5.77,1.66,-2.01)",4.77,Cylinder,"(-3.21,2.30,0.84)",1.21
3660,"(-2.07,2.75,0.81)","(-0.87,-0.23,-0.43)",Door 1 Wiring - 1,"(-5.65,1.77,-1.33)",4.28,Cylinder,"(-3.28,2.32,1.17)",1.16
3670,"(-2.42,2.75,1.51)","(-0.93,-0.23,-0.28)",Door 1 Wiring - 1,"(-5.61,1.94,0.26)",3.53,Cylinder,"(-3.56,2.32,2.09)",1.17
3680,"(-2.55,2.75,1.90)","(-0.95,-0.23,-0.20)",Wall East (1),"(-5.77,1.98,1.23)",3.38,Cylinder,"(-3.70,2.30,2.76)",1.21
3690,"(-2.55,2.75,1.90)","(-0.95,-0.23,-0.20)",Wall East (1),"(-5.77,1.98,1.23)",3.38,Cylinder,"(-3.78,2.28,2.57)",1.21
3700,"(-2.55,2.75,1.90)","(-0.95,-0.23,-0.20)",Wall East (1),"(-5.77,1.98,1.23)",3.38,Cylinder,"(-3.82,2.27,2.38)",1.21
3710,"(-2.55,2.75,1.90)","(-0.95,-0.23,-0.20)",Wall East (1),"(-5.77,1.98,1.23)",3.38,Cylinder,"(-3.83,2.27,2.34)",1.21
3720,"(-2.55,2.75,1.90)","(-0.95,-0.23,-0.20)",Wall East (1),"(-5.77,1.98,1.23)",3.38,Cylinder,"(-3.88,2.24,2.35)",1.27
3730,"(-2.55,2.75,1.90)","(-0.95,-0.23,-0.20)",Wall East (1),"(-5.77,1.98,1.23)",3.38,Cylinder,"(-4.11,2.11,2.38)",1.54
3740,"(-2.55,2.75,1.90)","(-0.95,-0.23,-0.20)",Wall East (1),"(-5.77,1.98,1.23)",3.38,Wall East (1),"(-5.77,1.13,2.58)",3.48
3750,"(-2.55,2.75,1.90)","(-0.95,-0.23,-0.20)",Wall East (1),"(-5.77,1.98,1.23)",3.38,Wall East (1),"(-5.77,1.13,2.58)",3.48
3760,"(-2.10,2.75,1.99)","(-0.95,-0.23,-0.20)",Wall East (1),"(-5.77,1.89,1.23)",3.77,Wall East (1),"(-5.77,0.92,2.71)",3.91
3770,"(-1.29,2.75,2.16)","(-0.95,-0.23,-0.20)",Wall East (1),"(-5.77,1.69,1.23)",4.63,Wall East (1),"(-5.77,0.44,2.96)",4.86
3780,"(-0.80,2.75,2.26)","(-0.95,-0.23,-0.20)",Wall East (1),"(-5.77,1.56,1.23)",5.21,Wall East (1),"(-5.77,0.11,3.15)",5.51
3790,"(-0.80,2.75,2.26)","(-0.95,-0.23,-0.20)",Wall East (1),"(-5.77,1.56,1.23)",5.21,Wall East (1),"(-5.77,0.11,3.15)",5.51
3800,"(-0.80,2.75,2.26)","(-0.95,-0.23,-0.20)",Wall East (1),"(-5.77,1.56,1.23)",5.21,Wall East (1),"(-5.77,0.21,2.64)",5.43
3810,"(-0.80,2.75,2.26)","(-0.95,-0.23,-0.20)",Wall East (1),"(-5.77,1.56,1.23)",5.21,Wall East (1),"(-5.77,0.18,2.11)",5.46
3820,"(-0.49,2.75,1.51)","(-0.90,-0.23,-0.36)",Wall East (1),"(-5.77,1.43,-0.41)",5.76,Cylinder,"(-4.39,0.78,0.92)",4.25
3830,"(-0.05,2.75,0.82)","(-0.83,-0.23,-0.51)",Wall East (1),"(-5.77,1.20,-2.52)",6.79,Ground,"(-5.01,0.00,-1.04)",5.82
3840,"(0.04,2.75,0.69)","(-0.81,-0.23,-0.54)",Wall East (1),"(-5.77,1.11,-3.19)",7.18,Ground,"(-4.59,0.00,-1.11)",5.55
3850,"(0.04,2.75,0.69)","(-0.81,-0.23,-0.54)",Wall East (1),"(-5.77,1.11,-3.19)",7.18,Ground,"(-4.44,0.00,-0.20)",5.17
3860,"(0.04,2.75,0.69)","(-0.81,-0.23,-0.54)",Wall East (1),"(-5.77,1.11,-3.19)",7.18,Ground,"(-4.67,0.00,0.14)",5.29
3870,"(0.04,2.75,0.69)","(-0.81,-0.23,-0.54)",Wall East (1),"(-5.77,1.11,-3.19)",7.18,Cylinder,"(-4.63,0.21,0.73)",5.09
3880,"(0.04,2.75,0.69)","(-0.81,-0.23,-0.54)",Wall East (1),"(-5.77,1.11,-3.19)",7.18,Cylinder,"(-4.75,0.14,0.73)",5.22
3890,"(0.04,2.75,0.69)","(-0.81,-0.23,-0.54)",Wall East (1),"(-5.77,1.11,-3.19)",7.18,Ground,"(-4.99,0.00,0.73)",5.50
3900,"(0.04,2.75,0.69)","(-0.81,-0.23,-0.54)",Wall East (1),"(-5.77,1.11,-3.19)",7.18,Ground,"(-4.99,0.00,0.73)",5.50
3910,"(0.04,2.75,0.69)","(-0.81,-0.23,-0.54)",Wall East (1),"(-5.77,1.11,-3.19)",7.18,Ground,"(-4.99,0.00,0.74)",5.50
3920,"(0.04,2.75,0.69)","(-0.81,-0.23,-0.54)",Wall East (1),"(-5.77,1.11,-3.19)",7.18,Ground,"(-5.00,0.00,0.74)",5.51
3930,"(0.04,2.75,0.69)","(-0.81,-0.23,-0.54)",Wall East (1),"(-5.77,1.11,-3.19)",7.18,Ground,"(-5.00,0.00,0.74)",5.51
3940,"(0.04,2.75,0.69)","(-0.81,-0.23,-0.54)",Wall East (1),"(-5.77,1.11,-3.19)",7.18,Ground,"(-4.46,0.00,1.50)",5.08
3950,"(0.04,2.75,0.69)","(-0.81,-0.23,-0.54)",Wall East (1),"(-5.77,1.11,-3.19)",7.18,Ground,"(-4.07,0.00,2.02)",4.86
3960,"(0.04,2.75,0.69)","(-0.81,-0.23,-0.54)",Wall East (1),"(-5.77,1.11,-3.19)",7.18,Ground,"(-4.69,0.00,0.96)",5.24
3970,"(0.04,2.75,0.69)","(-0.81,-0.23,-0.54)",Wall East (1),"(-5.77,1.11,-3.19)",7.18,Ground,"(-4.79,0.00,0.73)",5.33
3980,"(0.04,2.75,0.69)","(-0.81,-0.23,-0.54)",Wall East (1),"(-5.77,1.11,-3.19)",7.18,Ground,"(-4.79,0.00,0.73)",5.33
3990,"(0.04,2.75,0.69)","(-0.81,-0.23,-0.54)",Wall East (1),"(-5.77,1.11,-3.19)",7.18,Ground,"(-4.79,0.00,0.73)",5.33
4000,"(0.04,2.75,0.69)","(-0.81,-0.23,-0.54)",Wall East (1),"(-5.77,1.11,-3.19)",7.18,Ground,"(-4.79,0.00,0.73)",5.33
4010,"(0.04,2.75,0.69)","(-0.87,-0.24,-0.44)",Wall East (1),"(-5.77,1.13,-2.22)",6.70,Ground,"(-4.79,0.00,0.73)",5.33
4020,"(0.04,2.75,0.69)","(-0.91,-0.29,-0.31)",Wall East (1),"(-5.77,0.86,-1.27)",6.42,Ground,"(-4.79,0.00,0.73)",5.33
4030,"(0.04,2.75,0.69)","(-0.91,-0.39,-0.17)",Wall East (1),"(-5.77,0.24,-0.37)",6.42,Ground,"(-4.79,0.00,0.73)",5.33
4040,"(0.04,2.75,0.69)","(-0.90,-0.44,-0.03)",Door 3 Trigger,"(-5.58,0.01,0.49)",6.26,Ground,"(-4.79,0.00,0.73)",5.33
4050,"(0.04,2.75,0.69)","(-0.89,-0.44,0.05)",Door 3 Trigger,"(-5.50,0.01,1.03)",6.19,Ground,"(-4.79,0.00,0.73)",5.33
4060,"(0.04,2.75,0.69)","(-0.89,-0.44,0.06)",Door 3 Trigger,"(-5.50,0.01,1.04)",6.19,Ground,"(-4.79,0.00,0.73)",5.33
4070,"(0.04,2.75,0.69)","(-0.89,-0.44,0.06)",Door 3 Trigger,"(-5.50,0.01,1.04)",6.19,Ground,"(-4.79,0.00,0.73)",5.33
4080,"(0.04,2.75,0.69)","(-0.89,-0.44,0.06)",Door 3 Trigger,"(-5.50,0.01,1.04)",6.19,Ground,"(-4.79,0.00,0.73)",5.33
4090,"(0.07,2.75,0.25)","(-0.90,-0.44,-0.04)",Door 3 Trigger,"(-5.48,0.01,0.03)",6.19,Ground,"(-4.78,0.00,-0.22)",5.36
4100,"(0.07,2.75,0.25)","(-0.90,-0.44,-0.04)",Door 3 Trigger,"(-5.48,0.01,0.03)",6.19,Ground,"(-4.78,0.00,-0.22)",5.36
4110,"(0.07,2.75,0.25)","(-0.90,-0.44,-0.04)",Door 3 Trigger,"(-5.48,0.01,0.03)",6.19,Ground,"(-4.78,0.00,-0.22)",5.36
4120,"(0.07,2.75,0.25)","(-0.90,-0.44,-0.04)",Door 3 Trigger,"(-5.48,0.01,0.03)",6.19,Ground,"(-4.78,0.00,-0.22)",5.36
4130,"(0.07,2.75,0.25)","(-0.90,-0.44,-0.04)",Door 3 Trigger,"(-5.48,0.01,0.03)",6.19,Ground,"(-4.78,0.00,-0.22)",5.36
4140,"(0.07,2.75,0.25)","(-0.90,-0.44,-0.04)",Door 3 Trigger,"(-5.48,0.01,0.03)",6.19,Ground,"(-4.78,0.00,-0.22)",5.36
4150,"(0.07,2.75,0.25)","(-0.90,-0.44,-0.04)",Door 3 Trigger,"(-5.48,0.01,0.03)",6.19,Ground,"(-4.78,0.00,-0.22)",5.36
4160,"(0.07,2.75,0.25)","(-0.90,-0.44,-0.04)",Door 3 Trigger,"(-5.48,0.01,0.03)",6.19,Ground,"(-4.78,0.00,-0.22)",5.36
4170,"(0.07,2.75,0.25)","(-0.90,-0.44,-0.04)",Door 3 Trigger,"(-5.48,0.01,0.03)",6.19,Ground,"(-4.78,0.00,-0.22)",5.36
4180,"(0.07,2.75,0.25)","(-0.90,-0.44,-0.04)",Door 3 Trigger,"(-5.48,0.01,0.03)",6.19,Ground,"(-4.78,0.00,-0.22)",5.36
4190,"(0.07,2.75,0.25)","(-0.90,-0.44,-0.04)",Door 3 Trigger,"(-5.48,0.01,0.03)",6.19,Ground,"(-4.78,0.00,-0.22)",5.36
4200,"(0.07,2.75,0.25)","(-0.90,-0.44,-0.04)",Door 3 Trigger,"(-5.48,0.01,0.03)",6.19,Ground,"(-4.78,0.00,-0.22)",5.36
4210,"(0.07,2.75,0.25)","(-0.90,-0.44,-0.04)",Door 3 Trigger,"(-5.48,0.01,0.03)",6.19,Ground,"(-4.78,0.00,-0.22)",5.36
4220,"(0.07,2.75,0.25)","(-0.90,-0.44,-0.04)",Door 3 Trigger,"(-5.48,0.01,0.03)",6.19,Ground,"(-4.78,0.00,-0.22)",5.36
4230,"(0.07,2.75,0.25)","(-0.90,-0.44,-0.04)",Door 3 Trigger,"(-5.48,0.01,0.03)",6.19,Ground,"(-4.78,0.00,-0.22)",5.36
4240,"(0.07,2.75,0.25)","(-0.90,-0.44,-0.04)",Door 3 Trigger,"(-5.48,0.01,0.03)",6.19,Ground,"(-4.78,0.00,-0.22)",5.36
4250,"(0.07,2.75,0.25)","(-0.90,-0.44,-0.04)",Door 3 Trigger,"(-5.48,0.01,0.03)",6.19,Ground,"(-4.78,0.00,-0.22)",5.36
4260,"(0.36,2.75,-0.92)","(-0.85,-0.44,-0.27)",Ground,"(-5.02,0.00,-2.37)",6.21,Ground,"(-4.28,0.00,-2.43)",5.36
4270,"(0.40,2.75,-1.03)","(-0.85,-0.44,-0.30)",Cylinder,"(-4.05,0.42,-2.58)",5.26,Ground,"(-4.10,0.00,-2.89)",5.36
4280,"(0.40,2.75,-1.03)","(-0.85,-0.44,-0.30)",Cylinder,"(-4.04,0.42,-2.58)",5.25,Ground,"(-4.11,0.00,-2.88)",5.37
4290,"(0.40,2.75,-1.03)","(-0.85,-0.44,-0.30)",Cylinder,"(-4.06,0.41,-2.59)",5.27,Ground,"(-4.11,0.00,-2.88)",5.37
4300,"(0.40,2.75,-1.03)","(-0.85,-0.44,-0.30)",Cylinder,"(-4.11,0.39,-2.60)",5.33,Ground,"(-4.11,0.00,-2.88)",5.37
4310,"(0.40,2.75,-1.03)","(-0.85,-0.44,-0.30)",Ground,"(-4.85,0.00,-2.86)",6.21,Ground,"(-4.11,0.00,-2.88)",5.37
4320,"(0.40,2.75,-1.03)","(-0.85,-0.44,-0.30)",Ground,"(-4.85,0.00,-2.86)",6.21,Ground,"(-4.11,0.00,-2.88)",5.37
4330,"(0.40,2.75,-1.03)","(-0.85,-0.44,-0.30)",Ground,"(-4.85,0.00,-2.86)",6.21,Ground,"(-4.11,0.00,-2.88)",5.37
4340,"(0.41,2.75,-1.04)","(-0.85,-0.44,-0.30)",Ground,"(-4.84,0.00,-2.87)",6.20,Ground,"(-4.11,0.00,-2.88)",5.37
4350,"(0.41,2.75,-1.06)","(-0.85,-0.44,-0.30)",Ground,"(-4.85,0.00,-2.90)",6.22,Ground,"(-4.11,0.00,-2.88)",5.37
4360,"(0.41,2.76,-1.07)","(-0.86,-0.40,-0.31)",Ground,"(-5.53,0.00,-3.19)",6.89,Ground,"(-4.11,0.00,-2.88)",5.37
4370,"(0.41,2.76,-1.07)","(-0.87,-0.36,-0.32)",Wall East (1),"(-5.77,0.20,-3.35)",7.07,Ground,"(-4.11,0.00,-2.88)",5.37
4380,"(0.41,2.76,-1.07)","(-0.88,-0.36,-0.33)",Wall East (1),"(-5.77,0.25,-3.37)",7.06,Ground,"(-4.11,0.00,-2.88)",5.37
4390,"(0.41,2.76,-1.07)","(-0.88,-0.36,-0.33)",Wall East (1),"(-5.77,0.25,-3.37)",7.06,Ground,"(-4.11,0.00,-2.88)",5.37
4400,"(0.41,2.76,-1.07)","(-0.88,-0.36,-0.33)",Wall East (1),"(-5.77,0.25,-3.37)",7.06,Ground,"(-4.11,0.00,-2.88)",5.37
4410,"(0.41,2.76,-1.07)","(-0.88,-0.36,-0.33)",Wall East (1),"(-5.77,0.25,-3.37)",7.06,Ground,"(-4.11,0.00,-2.88)",5.37
4420,"(0.41,2.76,-1.07)","(-0.88,-0.36,-0.33)",Wall East (1),"(-5.77,0.25,-3.38)",7.06,Ground,"(-4.11,0.00,-2.88)",5.37
4430,"(0.44,2.74,-1.10)","(-0.88,-0.36,-0.33)",Wall East (1),"(-5.77,0.22,-3.42)",7.09,Ground,"(-4.11,0.00,-2.88)",5.37
4440,"(0.45,2.69,-1.10)","(-0.88,-0.36,-0.33)",Wall East (1),"(-5.77,0.17,-3.42)",7.10,Ground,"(-4.11,0.00,-2.88)",5.37
4450,"(0.46,2.68,-1.10)","(-0.88,-0.36,-0.33)",Wall East (1),"(-5.77,0.15,-3.42)",7.11,Ground,"(-4.11,0.00,-2.88)",5.37
4460,"(0.42,2.77,-1.10)","(-0.88,-0.36,-0.33)",Wall East (1),"(-5.77,0.26,-3.41)",7.07,Ground,"(-4.11,0.00,-2.88)",5.37
4470,"(0.40,2.85,-1.12)","(-0.88,-0.36,-0.33)",Wall East (1),"(-5.77,0.35,-3.42)",7.04,Ground,"(-4.11,0.00,-2.88)",5.37
4480,"(0.38,2.91,-1.16)","(-0.88,-0.36,-0.33)",Wall East (1),"(-5.77,0.42,-3.45)",7.03,Ground,"(-4.11,0.00,-2.88)",5.37
4490,"(0.38,2.94,-1.18)","(-0.88,-0.36,-0.33)",Wall East (1),"(-5.77,0.45,-3.48)",7.02,Ground,"(-4.11,0.00,-2.88)",5.37
4500,"(0.35,2.98,-1.15)","(-0.88,-0.36,-0.33)",Wall East (1),"(-5.77,0.50,-3.43)",6.99,Ground,"(-4.11,0.00,-2.88)",5.37
4510,"(0.31,3.01,-1.07)","(-0.88,-0.36,-0.33)",Wall East (1),"(-5.77,0.55,-3.34)",6.94,Ground,"(-4.11,0.00,-2.88)",5.37
4520,"(0.29,3.04,-1.03)","(-0.88,-0.36,-0.33)",Wall East (1),"(-5.77,0.58,-3.29)",6.91,Ground,"(-4.11,0.00,-2.88)",5.37
4530,"(0.28,3.04,-1.02)","(-0.88,-0.36,-0.33)",Wall East (1),"(-5.77,0.59,-3.28)",6.91,Ground,"(-4.11,0.00,-2.88)",5.37
4540,"(0.28,3.04,-1.02)","(-0.88,-0.36,-0.33)",Wall East (1),"(-5.77,0.59,-3.28)",6.91,Ground,"(-4.11,0.00,-2.88)",5.37
4550,"(0.28,3.04,-1.02)","(-0.88,-0.36,-0.33)",Wall East (1),"(-5.77,0.59,-3.28)",6.91,Ground,"(-4.11,0.00,-2.88)",5.37
4560,"(0.28,3.04,-1.02)","(-0.88,-0.36,-0.33)",Wall East (1),"(-5.77,0.59,-3.28)",6.91,Ground,"(-4.11,0.00,-2.88)",5.37
4570,"(0.28,3.04,-1.02)","(-0.88,-0.36,-0.33)",Wall East (1),"(-5.77,0.59,-3.28)",6.91,Ground,"(-4.11,0.00,-2.88)",5.37
4580,"(0.28,3.04,-1.02)","(-0.88,-0.36,-0.33)",Wall East (1),"(-5.77,0.59,-3.28)",6.91,Ground,"(-4.10,0.00,-2.90)",5.37
4590,"(0.28,3.04,-1.02)","(-0.88,-0.36,-0.33)",Wall East (1),"(-5.77,0.59,-3.28)",6.91,Ground,"(-4.10,0.00,-3.81)",5.77
4600,"(0.28,3.04,-1.02)","(-0.88,-0.36,-0.33)",Wall East (1),"(-5.77,0.59,-3.28)",6.91,Cylinder,"(-4.21,0.31,-4.41)",6.02
4610,"(0.28,3.04,-1.02)","(-0.88,-0.36,-0.33)",Wall East (1),"(-5.77,0.59,-3.28)",6.91,Cylinder,"(-4.23,0.34,-4.44)",6.03
4620,"(0.28,3.04,-1.02)","(-0.88,-0.36,-0.33)",Wall East (1),"(-5.77,0.59,-3.28)",6.91,Cylinder,"(-4.29,0.35,-4.48)",6.09
4630,"(0.28,3.04,-1.02)","(-0.88,-0.36,-0.33)",Wall East (1),"(-5.77,0.59,-3.28)",6.91,Ground,"(-4.87,0.00,-4.97)",6.93
4640,"(0.28,3.04,-1.02)","(-0.88,-0.36,-0.33)",Wall East (1),"(-5.77,0.59,-3.28)",6.91,Ground,"(-4.87,0.00,-4.97)",6.93
4650,"(-0.18,3.04,-1.19)","(-0.88,-0.36,-0.33)",Wall East (1),"(-5.77,0.75,-3.28)",6.47,Wall East (1),"(-5.77,0.04,-4.22)",6.84
4660,"(-1.07,3.04,-1.52)","(-0.88,-0.36,-0.33)",Wall East (1),"(-5.77,1.11,-3.28)",5.46,Wall East (1),"(-5.77,0.52,-4.03)",5.70
4670,"(-1.42,3.04,-1.65)","(-0.88,-0.36,-0.33)",Wall East (1),"(-5.77,1.28,-3.28)",4.96,Wall East (1),"(-5.77,0.40,-4.45)",5.55
4680,"(-1.42,3.04,-1.65)","(-0.88,-0.36,-0.33)",Wall East (1),"(-5.77,1.28,-3.28)",4.96,Wall East (1),"(-5.77,0.32,-4.47)",5.60
4690,"(-1.42,3.04,-1.65)","(-0.88,-0.36,-0.33)",Wall East (1),"(-5.77,1.28,-3.28)",4.96,Wall East (1),"(-5.77,0.31,-4.48)",5.61
4700,"(-1.42,3.04,-1.65)","(-0.88,-0.36,-0.33)",Wall East (1),"(-5.77,1.28,-3.28)",4.96,Wall East (1),"(-5.77,0.29,-4.52)",5.63
4710,"(-1.42,3.04,-1.65)","(-0.88,-0.36,-0.33)",Wall East (1),"(-5.77,1.28,-3.28)",4.96,Wall East (1),"(-5.77,0.30,-4.47)",5.61
4720,"(-1.42,3.04,-1.65)","(-0.88,-0.36,-0.33)",Wall East (1),"(-5.77,1.28,-3.28)",4.96,Wall East (1),"(-5.77,0.30,-4.46)",5.60
4730,"(-1.42,3.04,-1.65)","(-0.88,-0.36,-0.33)",Wall East (1),"(-5.77,1.28,-3.28)",4.96,Ground,"(-5.15,0.00,-5.68)",6.08
4740,"(-1.42,3.04,-1.65)","(-0.88,-0.36,-0.33)",Wall East (1),"(-5.77,1.28,-3.28)",4.96,Cylinder,"(-4.13,0.40,-5.08)",4.92
4750,"(-1.42,3.04,-1.65)","(-0.88,-0.36,-0.33)",Wall East (1),"(-5.77,1.28,-3.28)",4.96,Cylinder,"(-4.04,0.51,-5.12)",4.85
4760,"(-1.42,3.04,-1.65)","(-0.88,-0.36,-0.33)",Wall East (1),"(-5.77,1.28,-3.28)",4.96,Cylinder,"(-4.06,0.49,-5.15)",4.90
4770,"(-1.42,3.04,-1.65)","(-0.88,-0.36,-0.33)",Wall East (1),"(-5.77,1.28,-3.28)",4.96,Cylinder,"(-2.40,2.20,-2.61)",1.41
4780,"(-1.42,3.04,-1.65)","(-0.88,-0.36,-0.33)",Wall East (1),"(-5.77,1.28,-3.28)",4.96,Ground,"(-4.53,0.00,-5.87)",5.89
4790,"(-1.42,3.04,-1.65)","(-0.88,-0.36,-0.33)",Wall East (1),"(-5.77,1.28,-3.28)",4.96,Ground,"(-5.70,0.00,-5.05)",6.02
4800,"(-1.96,3.04,-1.86)","(-0.88,-0.36,-0.33)",Wall East (1),"(-5.77,1.46,-3.28)",4.45,Wall East (1),"(-5.77,0.83,-2.79)",4.27
4810,"(-2.87,3.04,-2.20)","(-0.88,-0.36,-0.33)",Cylinder,"(-2.84,3.03,-2.18)",0.05,Wall East (1),"(-5.77,1.40,-2.55)",3.10
4820,"(-2.87,3.04,-2.20)","(-0.88,-0.36,-0.33)",Cylinder,"(-3.01,2.99,-2.25)",0.16,Wall East (1),"(-5.77,1.44,-2.57)",3.01
4830,"(-3.14,3.04,-1.32)","(-0.92,-0.36,-0.15)",Cylinder,"(-3.23,3.00,-1.43)",0.12,Wall East (1),"(-5.77,1.59,-1.27)",2.71
4840,"(-3.22,3.04,-0.38)","(-0.93,-0.36,0.05)",Cylinder,"(-3.33,3.00,-0.47)",0.12,Wall East (1),"(-5.77,1.60,0.21)",2.69
4850,"(-3.21,3.04,-0.19)","(-0.93,-0.36,0.09)",Cylinder,"(-3.36,2.99,-0.17)",0.16,Wall East (1),"(-5.77,1.56,0.68)",2.76
4860,"(-3.21,3.04,-0.19)","(-0.93,-0.36,0.09)",Cylinder,"(-3.36,2.99,-0.17)",0.16,Wall East (1),"(-5.77,1.56,0.68)",2.76
4870,"(-3.15,3.04,0.34)","(-0.91,-0.36,0.19)",Cylinder,"(-3.28,3.00,0.28)",0.12,Wall East (1),"(-5.77,1.48,1.42)",2.93
4880,"(-3.03,3.04,0.85)","(-0.89,-0.36,0.30)",Cylinder,"(-3.17,2.99,0.90)",0.16,Wall East (1),"(-5.77,1.28,2.54)",3.35
4890,"(-3.03,3.04,0.85)","(-0.89,-0.36,0.30)",Cylinder,"(-3.17,2.99,0.90)",0.16,Wall East (1),"(-5.77,1.28,2.54)",3.35
4900,"(-3.03,3.04,0.85)","(-0.89,-0.36,0.30)",Cylinder,"(-3.17,2.99,0.90)",0.16,Wall East (1),"(-5.77,1.28,2.54)",3.35
4910,"(-3.03,3.04,0.85)","(-0.89,-0.36,0.30)",Cylinder,"(-3.17,2.99,0.90)",0.16,Wall East (1),"(-5.77,1.28,2.54)",3.35
4920,"(-3.03,3.04,0.85)","(-0.89,-0.36,0.30)",Cylinder,"(-3.31,2.93,0.95)",0.32,Wall East (1),"(-5.77,1.28,2.54)",3.35
4930,"(-3.03,3.04,0.85)","(-0.89,-0.36,0.30)",Cylinder,"(-3.60,2.82,1.05)",0.65,Cylinder,"(-3.33,2.82,1.17)",0.15
4940,"(-3.03,3.04,0.85)","(-0.89,-0.36,0.30)",Wall East (1),"(-5.77,1.94,1.78)",3.10,Cylinder,"(-3.51,2.71,1.27)",0.39
4950,"(-3.03,3.04,0.85)","(-0.89,-0.36,0.30)",Wall East (1),"(-5.77,1.94,1.78)",3.10,Cylinder,"(-3.88,2.47,1.48)",0.88
4960,"(-3.03,3.04,0.85)","(-0.89,-0.36,0.30)",Wall East (1),"(-5.77,1.94,1.78)",3.10,Wall East (1),"(-5.77,1.28,2.54)",3.35
4970,"(-3.03,3.04,0.85)","(-0.89,-0.36,0.30)",Wall East (1),"(-5.77,1.94,1.78)",3.10,Wall East (1),"(-5.77,1.28,2.54)",3.35
4980,"(-3.03,3.04,0.85)","(-0.89,-0.36,0.30)",Wall East (1),"(-5.77,1.94,1.78)",3.10,Wall East (1),"(-5.77,1.28,2.54)",3.35
4990,"(-3.03,3.04,0.85)","(-0.89,-0.36,0.30)",Wall East (1),"(-5.77,1.94,1.78)",3.10,Wall East (1),"(-5.77,1.28,2.54)",3.35
5000,"(-3.03,3.04,0.85)","(-0.89,-0.36,0.30)",Wall East (1),"(-5.77,1.94,1.78)",3.10,Wall East (1),"(-5.77,1.28,2.54)",3.35
5010,"(-3.03,3.04,0.85)","(-0.89,-0.36,0.30)",Wall East (1),"(-5.77,1.94,1.78)",3.10,Wall East (1),"(-5.77,1.28,2.54)",3.35
5020,"(-3.03,3.04,0.85)","(-0.89,-0.36,0.30)",Wall East (1),"(-5.77,1.94,1.78)",3.10,Wall East (1),"(-5.77,1.28,2.54)",3.35
5030,"(-3.03,3.04,0.85)","(-0.89,-0.36,0.30)",Wall East (1),"(-5.77,1.94,1.78)",3.10,Wall East (1),"(-5.77,1.28,2.54)",3.35
5040,"(-3.03,3.04,0.85)","(-0.89,-0.36,0.30)",Wall East (1),"(-5.77,1.94,1.78)",3.10,Wall East (1),"(-5.77,1.28,2.54)",3.35
5050,"(-3.03,3.04,0.85)","(-0.89,-0.36,0.30)",Wall East (1),"(-5.77,1.94,1.78)",3.10,Wall East (1),"(-5.77,1.28,2.54)",3.35
5060,"(-3.03,3.04,0.85)","(-0.89,-0.36,0.30)",Wall East (1),"(-5.77,1.94,1.78)",3.10,Wall East (1),"(-5.77,1.28,2.54)",3.35
5070,"(-3.03,3.04,0.85)","(-0.89,-0.36,0.30)",Wall East (1),"(-5.77,1.94,1.78)",3.10,Wall East (1),"(-5.77,1.28,2.54)",3.35
5080,"(-3.10,3.04,0.53)","(-0.90,-0.36,0.23)",Wall East (1),"(-5.77,1.98,1.39)",2.99,Wall East (1),"(-5.77,1.36,2.11)",3.17
5090,"(-3.19,3.04,-0.48)","(-0.93,-0.36,0.03)",Wall East (1),"(-5.77,2.06,-0.23)",2.76,Door 1 Wiring - 3,"(-5.70,1.61,0.37)",2.65
5100,"(-3.06,3.04,-1.44)","(-0.92,-0.36,-0.17)",Door 1 Wiring - 1,"(-5.72,2.03,-1.77)",2.86,Wall East (1),"(-5.77,1.57,-1.15)",2.75
5110,"(-2.69,3.04,-2.43)","(-0.86,-0.36,-0.38)",Door 1 Wiring - 1,"(-5.60,1.87,-3.50)",3.30,Wall East (1),"(-5.77,1.36,-2.82)",3.17
5120,"(-2.10,3.04,-3.31)","(-0.75,-0.36,-0.56)",Wall East (1),"(-5.77,1.35,-5.87)",4.78,Wall East (1),"(-5.77,0.88,-4.82)",4.17
5130,"(-1.37,3.04,-4.00)","(-0.60,-0.36,-0.71)",Wall East (1),"(-5.77,0.57,-8.81)",6.96,Wall East (1),"(-5.77,0.10,-7.12)",5.80
5140,"(-0.52,3.04,-4.51)","(-0.44,-0.36,-0.83)",Ground,"(-4.48,0.00,-11.49)",8.57,Ground,"(-4.23,0.00,-8.66)",6.00
5150,"(0.34,3.04,-4.81)","(-0.26,-0.36,-0.90)",Wall South,"(-2.08,0.07,-12.25)",8.37,Ground,"(-2.46,0.00,-9.62)",6.00
5160,"(1.34,3.04,-4.92)","(-0.06,-0.36,-0.93)",Wall South,"(0.61,0.25,-12.25)",7.87,Ground,"(-0.37,0.00,-10.23)",6.00
5170,"(2.09,3.04,-5.38)","(0.00,-0.36,-0.93)",Game Win Trigger,"(2.01,0.62,-11.69)",6.82,Ground,"(0.86,0.00,-10.74)",6.00
5180,"(2.75,3.04,-6.04)","(0.00,-0.36,-0.93)",Game Win Trigger,"(2.67,0.87,-11.69)",6.11,Ground,"(1.52,0.00,-11.40)",6.00
5190,"(3.56,3.04,-6.34)","(0.09,-0.36,-0.93)",Game Win Trigger,"(3.89,1.01,-11.69)",5.73,Ground,"(2.75,0.00,-11.85)",6.00
5200,"(4.48,3.04,-6.18)","(0.27,-0.36,-0.90)",Game Win Trigger,"(6.03,0.84,-11.69)",6.21,Ground,"(4.82,0.00,-11.65)",6.00
5210,"(5.25,3.04,-6.76)","(0.27,-0.36,-0.90)",Game Win Trigger,"(6.71,1.05,-11.69)",5.62,Door Lighting Bottom,"(5.65,0.01,-12.17)",5.99
5220,"(5.50,3.04,-7.60)","(0.27,-0.36,-0.90)",Game Win Trigger,"(6.71,1.39,-11.69)",4.65,Ground,"(5.91,0.00,-13.05)",6.00
5230,"(5.63,3.04,-8.64)","(0.27,-0.36,-0.90)",Game Win Trigger,"(6.61,1.80,-11.69)",3.51,Ground,"(6.11,0.00,-14.07)",6.00
5240,"(5.40,3.04,-9.49)","(0.27,-0.36,-0.90)",Game Win Trigger,"(6.05,2.10,-11.69)",2.65,Ground,"(5.78,0.00,-14.84)",6.00
5250,"(5.66,3.04,-10.39)","(0.27,-0.36,-0.90)",Game Win Trigger,"(6.05,2.50,-11.69)",1.54,Ground,"(6.07,0.00,-15.83)",6.00
5260,"(5.96,3.04,-11.39)","(0.27,-0.36,-0.90)",Game Win Trigger,"(6.05,2.88,-11.69)",0.47,Ground,"(6.36,0.00,-16.79)",6.00
5270,"(6.28,3.05,-12.47)","(0.27,-0.36,-0.90)",Ground,"(8.51,0.00,-20.00)",8.59,Ground,"(6.67,0.00,-17.84)",6.01
5280,"(6.33,3.05,-12.64)","(0.27,-0.36,-0.90)",Ground,"(8.61,0.00,-20.34)",8.59,Ground,"(6.77,0.00,-18.18)",6.01
5290,"(6.33,3.05,-12.64)","(0.27,-0.36,-0.90)",Ground,"(8.61,0.00,-20.34)",8.59,Ground,"(6.77,0.00,-18.18)",6.01
5300,"(6.33,3.05,-12.64)","(0.27,-0.36,-0.90)",Ground,"(8.61,0.00,-20.34)",8.59,Ground,"(6.77,0.00,-18.18)",6.01
5310,"(6.33,3.05,-12.64)","(0.27,-0.36,-0.90)",Ground,"(8.61,0.00,-20.34)",8.59,Ground,"(6.77,0.00,-18.18)",6.01
5320,"(6.33,3.05,-12.64)","(0.27,-0.36,-0.90)",Ground,"(8.61,0.00,-20.34)",8.59,Ground,"(6.77,0.00,-18.18)",6.01
5330,"(6.33,3.05,-12.64)","(0.27,-0.36,-0.90)",Ground,"(8.61,0.00,-20.34)",8.59,Ground,"(6.77,0.00,-18.18)",6.01
5340,"(6.33,3.05,-12.64)","(0.27,-0.36,-0.90)",Ground,"(8.61,0.00,-20.34)",8.59,Ground,"(6.77,0.00,-18.18)",6.01
